sample_id,class_label,S,V,A,PR,SPRO,CONJ,ADV,PART,APRO,ADVPRO,INTJ,NUM,ANUM,COM
amphibrach_1,amphibrach,-0.946023959902077,0.7668480957918272,0.5344688259582221,1.1581951418656684,-0.7373280365074184,1.7078640153810214,-0.07670648304834335,-2.0786224947258143,-0.38286959450869407,-1.0562670679049588,0.022442085360546118,-0.5195596601231702,-1.0029451346263176,-0.12668946427931843
amphibrach_2,amphibrach,-0.43304737478996874,-1.0979972745398567,1.4571250341158997,0.20040814360710413,-1.534798009828546,1.4855057204784348,-0.08982548163262488,-0.34390384949338426,0.5326474009253401,-0.5934539781165818,2.8031375761447937e-4,-0.12992810506561606,1.4285153530081696,-0.12668946427931843
amphibrach_3,amphibrach,-0.807997530299062,-0.27964703299383176,0.26267361357247865,2.696457494848255,-0.5354466944900692,0.4138971920822276,0.5876617325856497,-1.6251543690783479,-0.2978491292159641,-0.45379949100865496,-0.5831363772199539,1.9145497907762772,0.21325852183842314,-0.12668946427931843
amphibrach_4,amphibrach,1.3211075520315898,-0.23094542768941917,-1.107855645544151,1.2384025081961652,-0.8307192180290762,0.25694221196279154,-0.6689938047523142,-0.11434998957547783,-0.4989552233851801,-1.5253266901582678,2.022666422177441,-0.5491046892805218,-1.014000609928412,-0.12668946427931843
amphibrach_5,amphibrach,-0.7429704647285393,0.9729238260229198,0.10677569738839894,-0.18125844183836556,0.11476610520821535,0.723052685970183,-0.1528993369623143,-0.34077115527930163,-0.3086245603140482,-0.33409938603789613,-0.585551674071226,-1.351250630174288,0.21024611716311828,-0.12668946427931843
amphibrach_6,amphibrach,-0.5049561234736873,-0.48215799854501823,1.3303348640390404,-0.23148032777105867,-0.39219389513829206,1.0648143827690513,0.4826058137423605,-0.5697549072270185,-1.0786560245372132,-0.015618348088007867,-0.31223855691072755,2.264242159405202,-0.41338989181175995,-0.12668946427931843
amphibrach_7,amphibrach,-0.024639120886173555,-0.19017450153410126,1.1364621484471213,1.3031981754117503,0.25834321454029735,0.28837715161944455,-0.2042589111601881,-1.491800881003538,-1.4447195100276027,0.11806486555481815,0.024166676193768877,-0.5181910284543532,0.23077422770140982,-0.12668946427931843
amphibrach_8,amphibrach,0.6210997637559038,0.9943909839899262,-0.08578000343814494,0.0797627123451128,0.08943760427295461,0.09429228719118694,-1.1992848308761552,-1.0467277406084223,-0.22693441631515196,-0.004666975530137391,-0.567240949814859,-0.9286062464150607,-1.6190366219157555,-0.12668946427931843
amphibrach_9,amphibrach,-0.2128464520826709,-0.05403532212611778,0.3123494642375289,0.66775221121559,-1.997294970143072,1.469543686045828,0.7791781579731294,-0.6675600750078865,-0.891777606757072,0.21640887000852907,-0.8964659927646514,-0.5608879037063247,0.7834707487611134,-0.12668946427931843
amphibrach_10,amphibrach,1.245545855184044,0.21328093265422277,-0.7339541769114489,0.8729323228302119,-1.4480366587006717,0.7103258335139955,0.2096936707831619,-1.626744197198257,-0.08164231540890317,-1.5652740392066329,-0.5666227151199418,0.3098413873706751,-1.001406188363313,-0.12668946427931843
amphibrach_11,amphibrach,-0.010720565099913395,-0.2525590649920954,0.2841523471967642,-0.18586941865472767,-0.9833611557999737,0.982857671861645,-0.10930098811139144,-1.060977440879759,0.10834557476811678,0.5600032522635066,0.8209109784292354,-0.5699345619817083,3.158896715903783,-0.12668946427931843
amphibrach_12,amphibrach,-0.3262474770768447,0.3687230624572279,1.1986610800391546,-1.0932597337805032,-0.6821940601709963,1.3242532662921878,-0.15591449542122723,-1.4224668244270324,0.11066725832242665,0.049253011624140614,-0.5861542578891942,0.27729098546328573,-0.4000158319461856,-0.12668946427931843
amphibrach_13,amphibrach,0.08247341068628576,-0.40353766848473377,1.034591044410078,0.23207356889617362,-0.4636871438864191,1.3860369556882712,-0.6985814405398546,-1.9381782395019078,0.23676532881597231,-0.6042579906542482,-0.003927396371052607,-0.5404864255291546,0.2057460366241789,-0.12668946427931843
amphibrach_14,amphibrach,-0.06040338705675949,-0.07087380457252226,0.13047884435142984,-0.7978660722716623,1.4838317762351605,0.4270601504319226,-0.26653061119071686,-0.46205105001422325,-0.35137429022380084,-0.6257336676788965,-0.012291272608844214,0.26232580859615606,-1.013259446990085,-0.12668946427931843
amphibrach_15,amphibrach,-0.2121216359668748,1.0820446189136348,1.1027517284850588,-0.29230825415659745,-0.06151449068003515,0.24166292614179935,-0.17994686407162758,-1.2399727805691136,-0.9808430857464592,0.08345989603678641,0.30706798636292837,-0.5277239439128577,-1.0060001337368436,-0.12668946427931843
amphibrach_16,amphibrach,-0.2834399770918319,-0.5027432525270028,1.2854689531399304,1.0643025859904498,-0.893947336192503,1.3420637320312017,-0.3717330453669571,-1.0799199386175038,-0.18708239147867223,-1.2475400424297622,-0.29726312874187283,0.27128283494728583,-1.6190366219157555,-0.12668946427931843
amphibrach_17,amphibrach,-0.46571368054565065,0.5634699222006603,0.7944317624920596,0.8953748426338688,-0.15898360180647933,0.5823723831262942,-0.333595094914687,-1.6199293221040754,-0.1513823522776382,-0.7071657133430611,-0.5819257432605089,0.28433804018195635,-0.39649990877775254,-0.12668946427931843
amphibrach_18,amphibrach,-1.107816194183558,0.5607181688444769,0.4411560864669065,0.28871435990608163,-0.29220225756548496,1.911376756072363,-0.1241312292480826,-1.356109273779582,-0.4558440500374105,-1.3384156757469488,0.81513927962362,0.22330050741003638,-0.4269528120379198,-0.12668946427931843
amphibrach_19,amphibrach,-0.17404786645035103,0.6349122588184537,-0.08849046064976836,-1.6504350826772856,-1.846568881623454,1.6153653399987022,0.672063051665614,-1.0731636441568708,0.3761966497194016,0.9958562905455546,-0.6034163392714085,1.0533715420782537,-0.41436889849475134,-0.12668946427931843
amphibrach_20,amphibrach,-1.6425445824152838,1.0307468787810485,1.9359379555775131,0.43023500630149386,-0.08473442971535597,0.029589720212296063,0.7220866918471196,-1.4598875550933035,-0.9780690899945664,1.5491126893164588,-0.8860791286824151,0.6682080045576156,0.19903727685013495,-0.12668946427931843
amphibrach_21,amphibrach,-0.5120183040984356,0.7850136935252322,1.1761998385604928,-0.21385329571285758,0.0800627658496233,0.29603642291843857,-0.3365432826951816,-1.7667066931977282,0.4803923091312953,-0.45157138071088726,0.005352441436602574,0.2833288302981458,-0.397003424722208,-0.12668946427931843
amphibrach_22,amphibrach,1.192054922902819,0.03167522703870845,-0.9335594279758374,-0.05146304114080204,-1.990679400588842,0.834247621733279,-0.025407180583809814,-0.2775720030449158,0.4550308019647413,-0.6772482669572079,-0.8691642283337484,-0.9337343745182313,0.8402228913755276,-0.12668946427931843
amphibrach_23,amphibrach,-0.050514299335805125,-0.9130162719080028,0.5835736514907783,-0.27648057230050843,0.22585937336815126,0.8361004950961523,0.6232260422378892,0.008888921803056903,-0.5841063938801736,-0.517626058252949,-0.6004691782711342,-1.3595375802102505,0.1916407190846106,-0.12668946427931843
amphibrach_24,amphibrach,-0.464820015677129,0.06978926788101186,0.40314466496277607,-1.3052259149216068,1.0061456855003112,0.910402845812961,0.033077846430544774,-1.5023374296286565,-0.10863428070366674,0.29874041921327543,1.4620352606055995,0.6810010070955497,-0.4015164730499643,-0.12668946427931843
amphibrach_25,amphibrach,0.203600154422992,-1.1618402503334644,2.417706640116998,0.5670008771000676,-1.338446231749547,0.9381610067755338,0.025679965956552194,-0.29346980467707756,-0.9051914720711042,-1.334932645850543,0.30901944101418494,-0.5263688573836622,-0.3919495239893977,-0.12668946427931843
amphibrach_26,amphibrach,0.9492630115053924,0.20893765927446817,-0.5547893042839248,0.9374282801558547,0.3702982628086017,-0.14009426259331634,-0.37706492740802305,-0.9622072634303542,-1.3718327624677304,-0.5920461953252377,0.35278331870285273,1.1740649556760487,-0.36920654492083843,-0.12668946427931843
amphibrach_27,amphibrach,0.6128842999949409,-0.059634839739965084,0.40984734170436427,0.9628012490166461,-1.2396966427819314,1.155653101755091,-0.2279721393549408,-1.6433744682257034,-0.8085888815569359,-0.5977809053053124,-0.0014048430574626451,-0.5384845325092272,-1.010026645974472,-0.12668946427931843
amphibrach_28,amphibrach,-0.44284646560945085,-0.4956371279602282,0.7999976089504359,0.9009464952067728,-0.4936647205578509,1.323395891280155,-0.32050181851275944,-0.6645171706311245,-0.8308345854087218,-0.23327519801730232,-0.00895393205359293,0.6716855892965947,-1.0122684004871394,-0.12668946427931843
amphibrach_29,amphibrach,0.693218213203463,-0.4912508388360849,-0.4130278520767179,0.9970125373526058,-0.8975372549941393,0.6251235559553576,0.5411967124438136,-1.1195595419952575,-0.7255956501664786,-0.26506627857282017,0.02675894506168373,0.7212835019783599,-0.3842898042769984,-0.12668946427931843
amphibrach_30,amphibrach,0.8703679353144106,-0.23345671064126203,0.4795459675500656,1.0274315366513225,-1.1892185680349514,-0.1804533298430657,-0.57165301560115,-1.218018442327867,-0.0435792710759866,-0.14971488276474915,2.2924683655150884,0.2475428376162069,0.18723160218282395,-0.12668946427931843
amphibrach_31,amphibrach,0.31687236902568267,-0.4244268351252762,0.42582826685918856,-1.09736915731841,-0.388093935386364,1.5642360338156551,-0.8556292024635871,-0.9622680897427474,0.3512516465556066,0.07364618120175857,0.30317473772700576,-0.530427408622094,-0.39498686829119556,-0.12668946427931843
amphibrach_32,amphibrach,0.273713152328307,0.10846758041951764,0.8418144210347881,0.8769877901839828,-0.5954773541111058,0.007470579160104114,-0.6323521851246771,-0.8685760391392007,-0.12490303867691381,-0.7625138602005544,1.2297825615873579,-0.09417726517804544,-0.9988241213334117,-0.12668946427931843
amphibrach_33,amphibrach,-0.060653383983117995,-1.0711744587344254,2.5091893459407486,1.4340704785522913,0.13512518737805446,0.9816755773591059,-0.2711170406537276,-2.073728790338755,-1.160125531890863,-1.1823082126072084,-0.8657221937490819,0.3057252361735333,-1.0024330053767003,-0.12668946427931843
amphibrach_34,amphibrach,0.2818285544800341,0.930735932074004,2.4992961187188434,-1.0327521383182525,-1.3356418499638119,0.016274562979423923,-0.8895618844853782,0.4146101263798613,-1.070269758973385,-1.0482124509771609,0.388771279455233,-0.04723076945158072,-0.35050451298632707,7.693856741394564
amphibrach_35,amphibrach,0.5807152157037521,-0.48600730705209916,1.7089302919313913,0.7724802371196448,-0.03162039513374917,0.9902825506867505,0.06719722054276724,-2.6272919118426077,-1.559859241907738,-0.7050402040352928,0.007048725961287403,-1.7574616177483176,-0.3959959777335901,-0.12668946427931843
amphibrach_36,amphibrach,0.8923934353881514,-0.6710726354251,-0.3375827347382736,0.7213958367142562,-1.6013381231098156,0.5829635520436374,-0.8927184151895238,-0.1462403181001827,0.4486627259150129,1.6340400113471196,-0.60282786471912,-1.7634357159768415,-1.016458107946232,-0.12668946427931843
amphibrach_37,amphibrach,0.5313533517267869,-0.19430634083311468,0.4907108229877778,-1.5520208341940283,0.2845727945797844,1.1999212378787831,0.6043272787047533,-1.8286780834683243,-0.3549499947366731,-0.7007839242581022,-1.1689599027312578,1.105168740465938,-0.39498686829119556,-0.12668946427931843
amphibrach_38,amphibrach,0.6359636415057566,0.43494622148552314,0.7103133206537694,-0.3735758523257833,-1.5869909773631234,1.4842248690446815,-1.5738443397485897,-0.4295756577029971,-0.19646795416573004,-1.1549090474151655,0.9314168117152144,-2.166023557710126,0.24160087983127626,-0.12668946427931843
amphibrach_39,amphibrach,0.4910051593522028,-0.5820491913926519,1.4098716684168329,0.18151830291958623,-0.8735179553217108,0.6205737613688204,-0.6975998312846833,-0.7145315234220451,0.17160485735478673,-1.5846601722702132,0.5315154929002586,0.6248850764135393,0.17124692763327892,-0.12668946427931843
amphibrach_40,amphibrach,-0.13315892028424883,0.4232090517972462,0.08938428375531762,-0.13623465213527633,1.125102474317738,0.33618152300858467,-1.0999807387458256,-0.3595584886990991,-0.33343656725359727,0.22280518054253676,-1.756838835311611,0.29549448785447857,-1.0049851726636998,-0.12668946427931843
amphibrach_41,amphibrach,-0.9330365722908461,0.9977574142777198,-1.2988090833445536,0.7348874776281605,0.6800911116892232,1.6599041141907205,1.0751389121797323,-1.7280228462483274,-1.5923795974139934,-0.6085672027012268,-1.1751113870953194,-0.13576696953448614,0.20425092588387586,-0.12668946427931843
amphibrach_42,amphibrach,0.08247341068628576,0.008131761894753224,0.06733817813886965,-0.34888355537715454,1.481126785444313,-0.22318187780628854,-0.10499967094038078,0.860336697181199,-1.166951586717021,-1.1173695324431516,0.28868878800539904,-0.5404864255291546,-1.0107757357357774,-0.12668946427931843
amphibrach_43,amphibrach,0.7059876163496844,0.6465726323660781,-0.3221271939115623,0.23896367013284447,0.16426632816778533,0.14047530835230362,-0.08506729395090026,-1.1526981640578327,-1.1912771958853194,-1.5418839578704289,0.33768270753264107,1.9828724922996996,0.8649287215634687,-0.12668946427931843
amphibrach_44,amphibrach,0.4792330247330727,0.2142217495712968,-1.1007759351311968,0.2998799192144187,-1.0367449791761119,0.9345542802761507,0.35506641606625666,-0.8754420365614147,-0.9784159828076916,1.2499646395845665,0.013007810661896244,-0.11730246149816378,-0.3924567943895326,-0.12668946427931843
amphibrach_45,amphibrach,-0.07198782211514775,0.48040227593416346,0.4416372145453439,-1.5889468587118458,-0.8285711341966846,1.1789623494492505,0.8778585806679965,-1.3767815004464818,0.172012651303759,-0.5697466813714925,0.6648565478700513,-0.9081920014317666,0.8911973905934942,-0.12668946427931843
amphibrach_46,amphibrach,-0.29082374862744415,-0.19430634083311468,-0.6122926311982266,1.5006404248279888,1.018391045451945,0.18793569360969492,-0.3247359365841908,-0.24025976163809937,0.21001131829715017,-0.8298556085014116,-1.7578137589145633,-1.3482254831661102,-1.0070117451034755,-0.12668946427931843
amphibrach_47,amphibrach,0.02442249310941297,-1.023425342600413,2.2225759750354865,1.6738947859202569,-1.6449625400129406,0.6135220708869288,-0.5730569803019722,-2.2477295671995328,0.43992113303051755,0.735338736156296,0.013861925011634801,1.1132858429428019,-1.0054930729525766,-0.12668946427931843
amphibrach_48,amphibrach,1.2887283160925098,-1.479353593688269,0.6680990922063319,1.0920618242859987,0.03815927684028212,0.14865270795038255,-1.0864239350441622,-1.571529304542384,0.10495077855810157,-0.5977809053053124,-0.0014048430574626451,1.0890544926916716,2.0350232337319456,-0.12668946427931843
amphibrach_49,amphibrach,0.15469008251048796,0.04222963390598323,0.5972755060838225,-0.25616514564464377,-0.40180670068043944,1.014746283014708,-0.6024092023138388,-0.11659942616999468,-0.48882870588590005,-1.5656424339514565,0.8313588026671828,-0.5641306019972414,-0.42020971169921684,-0.12668946427931843
amphibrach_50,amphibrach,-0.35274648395566693,0.09312157977954935,-0.07020933967227845,0.66466798670185,-0.30701885444323085,0.7991749623482238,0.16205893704877183,-1.4026931698865825,0.32664849260090784,-0.4388933133257084,1.1133236721211341,-0.9670260580963994,-1.0208316616766562,-0.12668946427931843
anapest_1,anapest,-2.5329081118754413,-0.06723742293644101,-0.4968542469821524,-0.33473262727730124,1.3900601780753097,1.2541295818863343,-0.7839438528214123,1.4174920048846216,1.170086559945971,0.22475949539924736,-0.351627008624565,1.3766854959539436,1.9160268444693915,-0.12668946427931843
anapest_2,anapest,-1.475961024616591,0.23513010996823713,-2.0014335669374232,0.7216243122298438,0.14872368342851383,0.8610125419099849,-0.02029952429249176,1.2053333319688042,0.6232472132018024,1.3401780951065367,-0.6356252171884984,0.19484488138637415,-1.0300932708268444,-0.12668946427931843
anapest_3,anapest,-0.757635299212198,0.48292940512756305,-0.5479628270691109,0.2541491540105479,-0.6526703939918957,0.4533591800522308,-1.292296990118953,0.980241862045169,0.8564508247522817,0.8633659141663025,0.553527208834553,-0.15553417363842748,0.18649883616899088,-0.12668946427931843
anapest_4,anapest,-2.161805913257948,0.20114344062040787,-0.3370142134487778,0.9728409053482462,2.2515144330421397,0.03309208023415277,0.9677056791367677,-0.5318670087172577,0.21138258362004828,0.338055165428345,-0.8974010855593452,-0.5621865571480752,0.1813860739494951,-0.12668946427931843
anapest_5,anapest,-0.8118817233843186,1.072439630202912,0.4917997238478973,-0.8253651045662616,0.3050984790427118,0.24640965162403206,-0.7097041807533888,0.057853132573590225,0.645584234015205,-0.8690050632800826,-0.29941823830994224,0.2682898266877799,0.8100232248185328,-0.12668946427931843
anapest_6,anapest,0.012487151157774731,0.3174346480382532,-1.4855493314682193,1.0760439432007491,0.7460918070330722,0.13112451665764369,-0.5381642091783568,-0.5443712151102542,0.8297475960158095,-1.3554414581722967,0.0045053466945509475,-0.1257368834669245,-1.008271573997696,-0.12668946427931843
anapest_7,anapest,-0.2479275520872233,0.10340383006829126,0.5732838066648949,0.738257163977314,1.1150354082878995,-0.5775384331819263,-0.5977667590364515,-0.10794068436504399,0.20493819630256108,-1.138679368923568,-0.5957286998752646,0.26133464558950015,-1.0135067029798508,-0.12668946427931843
anapest_8,anapest,-1.05075796529046,0.7979320588368672,-1.4155511136208465,1.6382187277803095,1.0543395433647456,0.01153335720291783,0.1529407918608097,-0.2773982091859739,-0.08397613812580189,-0.7407837752855808,0.22792184875789312,-0.18684770637756343,-0.43409388917376945,-0.12668946427931843
anapest_9,anapest,-1.8628532999922085,-0.42614236265787797,-0.291598570205139,0.7547409402864992,0.8068239398564709,0.31495508961903623,-0.20632226826279387,1.6442832584484333,0.6951534478261955,0.40628382836988775,-0.6219984551541797,-0.17970839468938993,1.9486146038789536,-0.12668946427931843
anapest_10,anapest,0.05259377858761817,-0.22455834966161395,-0.14509536493787073,0.7999179807581553,0.8460962565738965,0.5591363366851105,0.14609756263502635,-1.2455266832047773,-0.8443343195694402,-0.6965206151171173,-0.5788904110066988,-0.11984010117142382,0.21855417254291487,-0.12668946427931843
anapest_11,anapest,-1.8446609553127264,0.375822210236079,-0.18455218968330572,0.7907275999686441,0.5070302733323985,0.6696054454348006,-0.08121658706445176,1.0004590770071793,0.21831297381035542,-1.0177733187619258,-0.06819139556095657,0.19578247806592042,0.7376723556743423,-0.12668946427931843
anapest_12,anapest,-1.1509658598416541,0.5403217574131821,-0.9727856876835576,0.3788149268570175,1.4714085177485228,0.6440296081198964,-1.1571867138700225,-0.09913211946203514,0.36574647737926647,0.6077996429628549,0.5027385744287466,-0.194720323129085,-1.6190366219157555,-0.12668946427931843
anapest_13,anapest,-0.3694811030048001,-1.6781454238681148,0.6539444120936504,0.5023331155521146,-1.8072749033306128,1.3767976531673052,0.18051699320764372,0.9428210591195081,0.2834902546015491,0.7824799357115118,-0.6219984551541797,-0.17970839468938993,0.7593975286140507,-0.12668946427931843
anapest_14,anapest,-0.8725915369850503,-0.6941766179230114,0.6073844488895698,-0.1795644633114562,0.6332078851740347,0.7097664674559983,-0.6893909768408599,0.5629635991043372,1.6278753626669737,-1.327480752787037,-1.189948048632274,-0.1701088046949277,-0.4240722228879934,-0.12668946427931843
anapest_15,anapest,-0.697693998860925,0.2034493748485239,-0.1077557713759183,0.6945305173749003,-0.05644736580119754,1.2458176139011081,-0.5120340474175545,0.6217584539359899,-0.88210976006142094,-0.788715971917778,-1.4734159719257893,-0.1563494572491623,-0.41583443100499584,-0.12668946427931843
anapest_16,anapest,-0.09038152115768411,0.44791114529813114,-0.67363613881071,0.06189420926055142,-1.9589838536422977,1.2129727847769924,0.4374980918208338,0.30767892227259136,-0.07383894140287417,-0.5543462315893276,-1.1871608401041964,-0.16365736306902018,1.9774441087338606,-0.12668946427931843
anapest_17,anapest,-1.415655417920686,-0.1521377613853237,-0.9671904979056325,-1.0592296196444468,1.9576150525037566,0.07596610728708543,0.7107315239199581,1.8084498265876139,0.4913487912587531,-0.7989849628568161,1.7025069285438288,0.24070553904587721,-1.6190366219157555,-0.12668946427931843
anapest_18,anapest,-0.9290524102793525,0.32322234292670066,-0.4392023761128826,1.510430331276109,0.9543653039522948,0.04576566609390183,0.0037381383744151692,0.18931764070746993,-1.2337532689412316,-0.03220515141917352,0.550359743807194,-1.3628053515939613,1.386531249625911,-0.12668946427931843
anapest_19,anapest,-1.7986609058555447,1.3530640142637727,0.1684140653738968,-0.30893732560649323,-0.04997812696881073,0.8536761389818568,0.1151501469461287,1.095352627452997,-0.2224040364606984,-0.7618206766927692,-0.30656386590348594,-1.3578937033706664,-0.40945790084525685,-0.12668946427931843
anapest_20,anapest,-0.31266825296074496,-0.037357467337112656,-1.0814473469247246,0.4414892317290017,-0.7301144158606975,0.7794000564631208,-0.3438380733627842,0.9811352940730226,0.21612080949197096,-0.0811586308085032,0.47360196468371546,-0.6069653330190568,0.7145037656469131,-0.12668946427931843
anapest_21,anapest,-1.2777045798987448,-1.1100383719116098,-1.0455193937769176,1.9462528971371098,1.285946878907812,0.23050396748121693,-0.574409352867581,2.160206238048682,0.24159437840811065,-0.11506691460355058,-0.936226811018466,0.15885040557528637,-1.0390724696902016,-0.12668946427931843
anapest_22,anapest,-1.0043985736139713,-1.4549283248031353,-1.382850226363462,0.7775277577972411,0.6730305511922695,0.7797062880679995,0.359737166924603,0.7849920642705009,1.978878286486383,0.5923914264462994,-1.202608694513161,-2.166023557710126,-0.44161733509594076,-0.12668946427931843
anapest_23,anapest,-2.2293985578309723,0.8543869425667192,-2.004734128122055,0.6783969236142352,1.033476883208495,0.9372021713121059,0.17437176932365195,1.216045782814868,-0.5448919339805243,1.77954274643913,-0.05150535826806494,-0.5782441963207029,0.16336021596125685,-0.12668946427931843
anapest_24,anapest,-1.5244875174346115,-0.5068169863056141,-2.21906767886564,2.062349589174237,1.3384149485286683,1.0325936397970579,-0.9542770132981525,1.5407223288249594,0.3726115555184908,-0.23957584269466814,-1.4944518056508693,1.3199246240507678,0.12017592367975038,-0.12668946427931843
anapest_25,anapest,-1.4351609344498981,0.3256812693367608,-1.6443631313835279,0.5789845715297335,0.8401137280621439,1.0023419252357186,1.5216652439497356,1.1965811062796041,-1.110889027697881,-1.1290168496494026,-0.30085203990396764,-1.355249515708206,0.20126804237009321,-0.12668946427931843
anapest_26,anapest,-1.84566139423007,0.29749717193847797,-1.0175566735402342,1.0878921283095693,1.9605774416334862,0.4977943020747868,-0.25274503374391377,0.6072589747571416,0.1016764428587642,-0.5058656340746557,-0.9153376624038009,0.9918299392149155,-1.0282169080993608,-0.12668946427931843
anapest_27,anapest,0.3896103816189365,0.16543898885146904,-1.9265750418915641,1.347719607651017,-0.6005761187876387,0.5585273619097544,-0.810478074234129,0.4803776645777422,-0.5545190028613584,-0.04684795440512962,-0.3583541196941127,1.7547488566385587,0.7283499309212169,-0.12668946427931843
anapest_28,anapest,-1.199781460074561,1.0095214058782533,0.20459111154760262,-0.14180817450524127,0.7195492391921577,0.08871434644803898,-0.3192483896527255,0.831104602647545,-1.3008651562633087,0.857912312862568,1.130004797645518,-0.9607078710291199,0.18503508630430943,-0.12668946427931843
anapest_29,anapest,0.3071152782173709,-0.13211465767557323,1.0157274430197227,0.7314928511662252,-1.1282743395963621,0.9407934828468454,-1.0599938684600014,-0.32536306885533034,-0.8455742928976258,-0.5023579323246904,-0.30513940501315334,-0.14405035014719775,0.19681197220048255,-0.12668946427931843
anapest_30,anapest,-1.3143402386917948,0.6146395930395208,-2.3567013622533515,0.7937957323209829,1.7505637468893605,1.299590000149337,-0.48955024884473086,-0.20885939944629053,-0.4842852221169922,-0.1683568421242422,0.2071684897066172,0.9718356155303882,1.316357721956359,-0.12668946427931843
anapest_31,anapest,-0.8443062521646238,-0.5508719909363403,-0.8337864422412467,0.7314928511662252,-0.2569276366980806,0.15860040414829166,0.2581719731586937,0.5369953575644345,1.325981458496351,-0.4169307304080372,1.7040270692788693,1.846815577299378,0.18284390609189635,-0.12668946427931843
anapest_32,anapest,-1.1099303062142791,0.49397734613006983,0.47528728287730576,0.009794994114275953,0.7637192700127587,0.5634741086871615,-1.0650807006880798,-0.20440453383809626,-0.901967071100026,2.136214789417465,-0.626569744748593,0.6059296442201303,1.3445037324449447,-0.12668946427931843
anapest_33,anapest,0.32511061652422185,-0.7838575230036586,0.2757272191741333,0.8178428964700942,-0.20316879501126556,0.8655401225699916,-1.1734204219388888,0.10106641992479884,0.21487972239744116,-1.6000954107854368,-0.9080469015245869,0.6148176705189048,0.16478899098159908,-0.12668946427931843
anapest_34,anapest,0.6199532065309797,-1.2491289308858404,-1.2347113015955278,1.1794000508193472,0.8710051858438113,0.5593295617163346,-0.011390745872384303,0.5206612569637621,-0.7285969044696952,-0.8895692175869497,-1.2012579282293885,-0.9841818251814926,-0.43974544433788054,-0.12668946427931843
anapest_35,anapest,0.07937980839263559,0.3106228582531195,-2.7297084072658326,1.1861676347504861,-0.5970789541486652,1.4209726806619507,-0.07237693087491857,0.7328007664377277,-0.4539024632819618,-2.007204915947048,0.7854963853363928,0.5927036249663878,-1.0291565816004606,-0.12668946427931843
anapest_36,anapest,-1.588658614667244,0.5704914269798272,1.0041482883235044,0.1707669207734108,0.9879967794218901,0.05704635633667957,-0.9351476437518147,0.2066882508882561,1.0060321948531177,-0.7874105868923141,-0.07525765738248698,-1.3815587643999976,1.9034365907307818,-0.12668946427931843
anapest_37,anapest,-0.5491658729852121,0.2800524694869274,-0.6794838917780168,-1.2240022010616805,1.567629245491232,0.3201022473912927,0.3374149895095602,0.9102582944471843,-0.4107529219749831,0.1506140812535976,-0.8846482556047172,-1.355249515708206,-1.0122684004871394,-0.12668946427931843
anapest_38,anapest,-0.7638285889707042,-0.6336323683323204,0.19152576769252386,-0.2820581915482248,0.28843656017773434,0.8771679381707034,7.022804706769934e-4,0.4695542581303946,-0.12670013254500143,0.8524675468788878,-0.3178764738976714,0.6441015392649375,-1.0181665119955585,-0.12668946427931843
anapest_39,anapest,-1.7018380675873033,0.44086638724407257,-0.016124630340381776,-0.5405387219859011,0.43253958455466773,1.3601368945343473,-0.4728848507238789,1.2674803586740453,-0.40122707174638567,0.2175142624090974,-0.070552422087865,-0.986525819097654,1.3233439837823135,-0.12668946427931843
anapest_40,anapest,-0.6840388835794668,1.968826305513221,-1.001587967969758,-0.9674686782110884,0.03996671095572951,0.3093739589219856,-0.8556292024635871,1.4925602258130557,-0.0018491740905338654,-0.1844971872848613,-1.4633868308229108,-0.9393264458941021,-0.39498686829119556,-0.12668946427931843
anapest_41,anapest,-0.673504793446806,0.01691536890365344,-0.2223704098264194,-0.18586941865472767,0.21012746478115837,0.7853493820622679,-0.9511643433042031,0.6299869913189525,0.5218317531479436,0.05618720942005484,-1.1902951873755807,1.0261544337467094,0.7699300469940136,-0.12668946427931843
anapest_42,anapest,-0.9497464789625912,-0.2396291903905758,0.28222293011909055,0.6351407210082883,0.9311017854577974,0.04280057353184184,-1.2353860534374619,0.8060443680474731,0.6981795739458629,0.032450888235569526,-0.9075881229417956,-0.9737565973885375,2.5448920507990667,-0.12668946427931843
anapest_43,anapest,-1.5388956136432277,0.23965567710817492,-1.2030174323939238,1.2905907421528915,1.1954537955323847,0.9771265420796356,-0.2141676823019758,-0.7986053595187139,-0.37588264869073473,1.4577940087969428,-0.6604878131876392,1.6996990099472353,-0.4618226582706957,-0.12668946427931843
anapest_44,anapest,-0.6140556521347411,0.0698651230369956,-0.28825613712769504,-1.166731923502889,0.7681105870627931,0.5867938237834243,0.3046826744128402,-0.3532567568153716,1.232043652190567,-0.8090030994480185,0.01728545875151537,0.7081267589557532,-1.0044764307836236,-0.12668946427931843
anapest_45,anapest,-0.8609544371429391,-0.36230527720666195,-0.9221609914689404,-0.19725590105568433,0.8710051858438113,0.32533404890473444,0.436154809346296,0.9380256895533494,0.4280468647819843,-0.01910485421632729,0.5007075893242673,0.19765990734714106,-0.43974544433788054,-0.12668946427931843
anapest_46,anapest,-0.7253113834214746,-0.45917749240839795,-1.462477849434903,0.25855397685948334,-0.40038240986093854,1.2362131332594677,-0.8609949489082653,1.121425623863425,1.086339538098128,1.5767711223182608,-1.4864928679858704,0.5839561745258757,-1.0310269899724473,-0.12668946427931843
anapest_47,anapest,-0.5622403260769043,1.0315358569560384,-2.2456427828409113,-0.13607348484779308,0.02948071231727072,0.7880522984766699,0.4650389177269153,0.6190670506328653,0.4158752097736135,-0.44710964953753224,-1.1696880814487147,-1.348899677786509,-0.3959959777335901,-0.12668946427931843
anapest_48,anapest,-1.0740056250139087,-0.422242324144979,0.281481030425445,-1.2148592661093909,1.7527054547087406,1.0902573114750675,-0.37868675325874995,0.6252422297275897,-1.0185789934747813,0.7364410611822119,-0.025532323574506802,1.8549552104332712,-0.4153463165259246,-0.12668946427931843
anapest_49,anapest,-1.296650729424781,1.0701627491544166,-0.6839843337480288,-0.14144892475603812,0.7310010268152415,0.4199233086071585,-0.5709705092387479,0.47887446817614365,0.5129368956717394,0.04904627033270759,-0.9043663425041394,-0.5718598804325268,1.3635695328750899,-0.12668946427931843
anapest_50,anapest,-0.36778559840058245,0.8117078102921369,-2.4877099818182242,0.3640376566582864,0.8289158692028818,-0.6010013199583273,1.3431069434486411,0.9345165229110177,0.46054338957740554,-0.517626058252949,-1.181177781765167,-0.9562945914603124,-1.6190366219157555,-0.12668946427931843
dactyl_1,dactyl,-0.386387739061716,0.8080646684181009,0.20622576919319696,-0.8635627765839962,-0.450881617386854,-1.369010271287866,1.5943514821604508,0.6191474757279342,0.08184005051299961,1.112263145380367,0.0694713120845791,0.4122740507742409,0.5861633801548006,-0.12668946427931843
dactyl_2,dactyl,0.4309887824606016,0.6273938719828689,-0.8569815432078612,0.6453376601449424,-1.1204816085321692,-1.6652642435220038,1.5876035085190725,0.8077381417143912,0.2673885626769317,0.0614723201554154,-1.5222066181653946,0.042304551493024346,1.6863067900254993,-0.12668946427931843
dactyl_3,dactyl,-0.04412179887412499,2.0325895866327204,-0.4118360541454095,-0.3718779382675881,0.2541362257525116,-1.60734816085784,1.539835328784343,0.0015418134949743106,-0.3579505479925435,-1.4720802710716903,0.3844883961680996,-0.661970042767262,-1.0562337761672855,-0.12668946427931843
dactyl_4,dactyl,0.25147921511831367,0.5755638397718673,1.556999297807604,1.010596701249476,-1.584393449158498,-1.5804332975795576,3.103817280487243,-1.2847939656505714,-0.8298388828631583,-0.47742035092686447,-1.2509410533675565,-0.6822342368308635,-1.063816449238747,-0.12668946427931843
dactyl_5,dactyl,-0.10727207336001826,2.0961613831022943,0.2838655279685512,-1.0421283533492145,-0.4248679530546458,-1.637672475333811,0.7668118824464374,0.29278353291616993,0.5148856848437151,-0.4306542838485471,-0.1663078384372606,-0.295183115378402,-1.0589957380377009,-0.12668946427931843
dactyl_6,dactyl,-0.46912148008485427,1.9155486860799849,0.6582820861522893,-0.5223324637340089,0.48194085539519677,-1.252296075208691,0.8398706561024099,-0.0664488777691775,-0.4555896071028545,-2.043931661733434,-0.20398463230434294,1.134213733124549,0.5763733690468292,-0.12668946427931843
dactyl_7,dactyl,0.6805834459198267,1.2182597722946655,0.6368589610972236,0.2706317169291457,-0.0933558485279036,-1.3832872459796195,0.9776946506204918,-0.6329070048086909,-1.8377377790562581,-1.2233878515613812,0.06475115190862608,2.9790998122798125,-1.0689630952591125,-0.12668946427931843
dactyl_8,dactyl,-0.08381710320228784,1.577621465216544,-0.3757662220385541,-1.4687664362207,-1.0007209902811554,-1.2450358370753338,1.2214907002895525,1.381633491767886,-0.6271586273802432,2.195115318582708,-0.9708908783786916,0.08663841126111796,0.6287638347402545,-0.12668946427931843
dactyl_9,dactyl,0.8412978212248774,-0.12564149390586277,1.3078414914094725,-0.4220572669648022,-0.887792498527173,-0.7541184218291503,2.3469620128873023,-0.5448578716899024,-1.199424062455336,-0.9328707951376289,-1.784439233462439,0.06550649785613455,0.6076775265164646,-0.12668946427931843
dactyl_10,dactyl,-0.6633518729791921,0.8327138674415822,1.4119255525281111,-1.7553305308263227,1.0300257629063172,-1.7487960521994177,1.7384126951996708,0.8213296068537062,-1.1652823876668401,0.8685406533593119,1.180787053397708,0.8273211500206324,-1.0589957380377009,-0.12668946427931843
dactyl_11,dactyl,0.1877444328855239,0.5622372819660615,1.0623297672044478,0.5771859015650583,-0.7547980836573978,-1.8662931973470744,1.0754579786206313,0.8338788851455196,-0.3489531986765375,-0.386973885248669,-1.5206273732675448,0.7871869193024547,-0.5139727102636389,-0.12668946427931843
dactyl_12,dactyl,-0.23495594774421966,0.7425734440126452,0.732951983144513,-1.8176556462607945,-0.5303536112665216,-0.18498400935030368,2.9232102525365047,-0.1713014811993625,-0.7017076868682119,-1.1799722130655999,-0.18254154184934365,0.05966042360876776,-1.063816449238747,-0.12668946427931843
dactyl_13,dactyl,-0.8540468288254194,0.4080476039693275,-0.37665919395178915,0.7906383414844471,1.0749594759260315,-0.8878461128077485,1.751090837496705,0.46644260833328127,-1.2925196255743892,0.16595869198819416,-1.033410032196557,0.6638729914614584,-0.560115635910783,-0.12668946427931843
dactyl_14,dactyl,0.490551145180188,0.3398267067297294,0.347302746751199,-1.3686034848329665,-0.7636739686993312,-0.300453727449621,0.8296160938960382,1.0227308392514713,-0.16266971160700075,-1.2061185421366356,-0.9898054451838622,0.7849887723154713,0.5894461490451179,-0.12668946427931843
dactyl_15,dactyl,-1.53128211862644,2.9639515565746595,0.2595801296564989,-1.1444169052641135,0.12249092439449633,-1.1152160553258337,1.6715281023151285,-0.3116645543955276,-0.12043187526893924,0.11548419130929208,-0.7407910844811036,0.38384739577441335,-0.5285931809800946,-0.12668946427931843
dactyl_16,dactyl,-0.10430824212382962,1.2052331073260762,0.5849876863127427,1.4395656691813987,-0.44978602222303976,-2.076272935625466,0.4475524441121919,0.8011076092734992,-0.6730138499750525,0.013460268770071244,-0.7378928533153022,-0.7057343991873307,0.02024326912619669,-0.12668946427931843
dactyl_17,dactyl,-1.440363107287854,1.4982995641931924,1.909579227486389,-1.1082140597025973,0.6476669627483345,-1.2330331314640388,1.1267944404559722,0.44780755111601384,-0.6956890472031282,0.9104096211438921,-0.7427161481178377,-1.0748258332910279,0.014227563104024418,-0.12668946427931843
dactyl_18,dactyl,-0.8899024468301897,0.37923805171033353,1.0509847497529219,-0.2688444580252193,-0.35946150081397416,-1.845306537410014,1.6432029408660813,1.512300731812757,-0.6072597199069121,2.1375310517008392,-0.17340047795801622,1.5615855673269081,-0.5031672714885523,-0.12668946427931843
dactyl_19,dactyl,-0.9831042808990984,1.0062584772492196,0.04246128546996585,0.7705507487429393,0.8106798605906216,-2.058569475018516,0.9653462490299193,1.4259092757276877,-0.6452147447616656,0.37559342802475926,0.2766998000305844,1.068400444148513,-0.543222045126077,-0.12668946427931843
dactyl_20,dactyl,-0.6698204813554623,2.3871801928893124,-0.4326627229950341,-1.9840493939217432,-0.5212530898985602,-0.8775372663924474,2.569527126389778,0.9488636173908809,-1.0176686585651138,-0.473385721006967,-0.9830408762284389,0.8037779893980311,1.1591437177714479,-0.12668946427931843
dactyl_21,dactyl,-0.3534037771470208,1.2766992356646634,0.02920941028856291,-0.39331431048572557,-0.9238408085102042,-1.090607813570374,1.349310940350528,1.395058474090771,-1.2321925794714135,1.2916143945224359,-0.7359535721147256,-0.7035797858955227,1.1171277111586941,-0.12668946427931843
dactyl_22,dactyl,-0.5922543677717235,0.4667762311764551,0.12977647228922407,0.0578358507400696,0.6682913428241529,-1.6695281707799126,1.128881953823104,1.15824641701768,0.07520738851930195,0.1815902000330212,-0.7513094553362084,-1.4433321495093627,2.7077539034738662,-0.12668946427931843
dactyl_23,dactyl,0.35100777210771594,1.1532903388895277,1.209098673977266,-2.119835250006491,0.628969339066243,-1.4465388099411267,1.5724795548924064,0.12096138463153636,-1.4502788213961635,-0.10459105068344392,0.36068863803040885,-0.304319451122321,0.052881073117640315,-0.12668946427931843
dactyl_24,dactyl,-0.6243906377767297,0.5815284684947514,1.5633274541268132,-1.001426461777436,0.03690463185292515,-1.0668071488192585,0.20772107971016807,1.2489488738708245,0.2070991465804809,-0.21909372120574938,0.838259906011394,-1.071209935087872,0.019639705101512455,-0.12668946427931843
dactyl_25,dactyl,0.5624710962193966,1.2317610797588068,0.9880291053471175,-1.1165271416471862,-0.55612747844389665,-1.0988991468325597,1.2181914629831363,-0.3448839900234267,-0.5646980323851645,-0.7695960906399953,0.10964003603555951,-0.6648175503684414,-1.6190366219157555,-0.12668946427931843
dactyl_26,dactyl,-0.002227220297298459,0.9897571295330978,0.308377348619613,-1.0197480959841485,0.26616953913888125,-0.923526690549738,1.144202576209142,0.4376091537427221,-0.5094866714776836,0.050710948084799715,-0.9729350179035072,-1.416555681455043,-1.0581487953021576,-0.12668946427931843
dactyl_27,dactyl,-0.757635299212198,1.4615395954542914,1.0655803519273142,-1.1047941014627227,-0.2858127566900692,-1.833115125877316,2.089620508411179,0.6457830889560278,0.05105716418607972,-0.07619730572221727,-0.20398463230434294,0.7675207008095852,-1.0701841241751093,-0.12668946427931843
dactyl_28,dactyl,-1.6686343745758923,2.4530650886278695,0.8018979127211999,-1.5389732232940323,0.5123780172163649,-1.5904682084993438,2.1313315800100048,-0.016405185465033702,-1.0363250495256195,1.9927533800099693,-0.20739721733887365,1.1281202373881483,0.5723198055480063,-0.12668946427931843
dactyl_29,dactyl,0.021369594017197277,0.32075969860341397,1.9593814509090877,-0.4713058427468772,-1.2437904094609684,-1.5081298778055316,0.8012042421117659,1.6328700709273585,-1.031147749111891,0.8856415739221942,-0.7475041720260219,0.3707950398882038,1.0931174939763224,-0.12668946427931843
dactyl_30,dactyl,0.44565853391205257,0.8240298989028593,0.4353057630697845,-0.7998342901045026,0.005680354711855977,-1.380160357642173,0.3999304339015001,0.4266990934236752,0.15697455910603691,-0.5549057831583228,0.5803335427767651,-1.0691907288491738,0.022661977928914223,-0.12668946427931843
dactyl_31,dactyl,-1.1695988615091701,1.5005315382876376,0.8642493209282338,-0.8354139212382828,0.3182376044113825,-1.015597918908999,2.320521226363112,0.574814146234822,-2.0225874198851215,1.2931103363362262,-0.6917929674214539,-1.0323926774043533,0.07773993324204079,-0.12668946427931843
dactyl_32,dactyl,0.01953158930115334,0.9475157800459336,-0.19119543166080444,-0.3254781921208233,-0.2764111093657511,-1.291256743213286,1.660931233955799,0.36519080699082196,0.023336670981957554,-0.6278241027445901,-0.45977313692626187,0.04558953194553923,-0.5156165390649065,-0.12668946427931843
dactyl_33,dactyl,-0.4881779689391051,0.16762513085508648,1.0530183140497007,-0.9410803923443718,1.1845965839735777,-1.619870793272777,0.7742425633387969,1.286420842524619,-0.01733078493291123,0.38217760830609965,-0.9968752545564324,-0.333914008084715,0.574750145393622,-0.12668946427931843
dactyl_34,dactyl,-0.7799909021562745,0.8028824677662602,-0.05908346841763074,-0.41937981460915263,-0.16440810891436805,-1.3311078707352733,1.150937779429264,0.7338181406644864,0.6560334075343789,0.9975277105222928,0.03457473315216452,1.0944082394850956,0.0076610769800411396,-0.12668946427931843
dactyl_35,dactyl,-0.6374389255349739,0.96616570525394,0.7649197097950393,-1.7446219867098192,0.8109174992092884,-0.628006549349549,0.8653726225942353,1.1267675024733752,-1.4907012563109336,1.1684251684092,-0.7374085689255856,0.39042407104132254,-0.5257806886858611,-0.12668946427931843
dactyl_36,dactyl,-0.039710524148924474,0.49756942847531793,2.0414398936973424,-0.0680339190833456,-0.8429663021700601,-0.5679146258799522,1.7257289045525912,-0.525192807941875,-1.3462952340398315,-1.3527748645540676,-0.20535118021909463,0.3989298117654496,-1.070589930088411,-0.12668946427931843
dactyl_37,dactyl,-0.5889199728376181,1.1750079295794527,-0.48047533070013,0.14026852621034272,-0.5222944227884175,-0.5689952519919715,2.3290470068508293,-0.24166713351708177,-0.3673130687070717,-0.8006613879020602,-0.21486072530736977,-0.7078826730505492,0.563454443024247,-0.12668946427931843
dactyl_38,dactyl,-0.13539467285183884,0.9437441036663126,-1.8602526235846881,-1.3531453697054199,0.631014880365688,-1.524171115067122,1.9389968889642641,2.3598007300459147,-0.43660210287273066,0.5214459020458946,0.5959629259591502,-0.32711582793768185,-0.5180731329413832,-0.12668946427931843
dactyl_39,dactyl,-0.7957728036734769,2.195847533888993,-0.9207578475402032,-0.4682047155814406,-0.9785389795552017,-0.8118742221133053,2.43787531734378,0.5460081180026861,-1.0242167353732627,-0.5964835733544169,-0.18324101777345775,1.5420619879215516,2.2660505871193233,-0.12668946427931843
dactyl_40,dactyl,0.814703133440549,0.42167100043644595,1.815032065149118,-0.16864464942356883,-2.4122046481913912,-1.3614057478373711,0.9104650116976604,0.44715119540748444,-0.04873326488639495,-0.06099483385295853,-0.431443850456255,-0.6653857585468447,0.06553752803840796,-0.12668946427931843
dactyl_41,dactyl,0.10073989341257435,2.3569788769586335,-0.16188585556936563,-0.5898667639058324,0.188516605257968,-1.754412954308745,1.078649950678968,0.3807104412668071,-0.9843219492713723,-0.7346387922563467,-0.9886179244217658,0.7882872212685549,-1.6190366219157555,-0.12668946427931843
dactyl_42,dactyl,-1.2057092460542567,1.018981772693046,1.7513962162518641,-0.3657634916041871,1.1209151086919973,-1.4900984967094937,1.8161659872439992,0.2137270773096,-1.3279156388079063,0.7511767729715375,-0.9933521503679873,-1.4307333007758922,-1.0687590620518954,-0.12668946427931843
dactyl_43,dactyl,0.2533552735976702,1.2371088329788167,0.6182823101316663,-1.5284025652654247,-0.9858718756629551,-1.4833991098556008,1.8746220409206873,0.646926279395072,0.2216840726986757,-1.16237762598474,-0.7117243953192022,1.185043834147923,0.6101869714621058,-0.12668946427931843
dactyl_44,dactyl,-1.0959115318373225,1.2821923087085045,0.3513848391301012,-0.19749052899171662,0.15938070453597653,-2.047083898761427,2.038007827703585,1.2870030741333176,0.0158654452579683,-0.5846339271887561,0.6237655885624612,1.1787613680964457,-0.5065144611411273,-0.12668946427931843
dactyl_45,dactyl,0.2206309024290361,1.774108964189084,0.1862619057690175,0.4664327642427877,-0.03529669939013338,-0.9112362975502684,-0.3859928518779669,-0.2347058514219096,-0.5287842449009268,-1.4553568475266834,-0.14978976702938315,-1.788578292535965,0.6407475386218936,-0.12668946427931843
dactyl_46,dactyl,-0.4942204428168629,1.2507382337341983,0.8537800988656935,-1.1955497519925464,0.3980721844341335,-0.39746936608510075,0.8214173544810179,1.3373644157520233,-1.7967587941679541,-1.243942728382773,-0.4715300032982068,1.1269042374637859,-1.071399744325144,-0.12668946427931843
dactyl_47,dactyl,-1.2781246106454338,1.4911626274266876,0.2503472178987183,-1.1995556392420013,0.8893974652475755,-0.9873847603864998,1.0733604430347454,1.544538505888861,-0.3592768319262101,-0.38671890701836287,-1.0111161447827788,1.4487513013246933,-1.0779905601385977,-0.12668946427931843
dactyl_48,dactyl,-0.38820032429085927,0.48477771384627566,1.0875444022103562,-0.20139995870732622,-0.8450429381829561,-0.34973468342051334,1.2081744205245306,0.08312984050855217,-0.6168525901828169,-0.5685780490066757,0.04839470282208769,1.4806698431263252,-0.527389601023212,-0.12668946427931843
dactyl_49,dactyl,-0.07456149691183439,2.1803912174796745,-0.8441944965910065,-1.0421283533492145,-0.4248679530546458,-1.2672605524484548,2.4671133047645952,0.3588517921583615,-1.0360386897814136,-0.9030888064695868,0.6419490966637206,0.07898497308794299,-0.49895485415964635,-0.12668946427931843
dactyl_50,dactyl,-0.2824996771189142,0.20433547300053634,-0.17993052702904608,0.03420677901853226,-0.5285627717656841,-0.9531963845352129,1.9603003128020486,0.41363309089889516,0.5367544498286811,-0.7569631121768434,0.277544537240246,0.35055201879746645,-0.542831833092421,-0.12668946427931843
iamb_1,iamb,-0.004084012340948446,-2.1836857007638444,0.15827451578434398,-1.0518808206987817,0.6571535236195148,1.158431033875932,-0.47844879061704765,-0.8208712150235612,2.6468688248728873,0.8327288806873842,-0.6378711394553518,-1.7731693102478403,1.9090211697440935,-0.12668946427931843
iamb_2,iamb,0.7829604638021989,-2.8839783561129018,2.0280727397452325,-0.46415653247372507,1.261817356968489,0.25887230089286584,-1.155643644516011,-0.7203604762748872,1.266815960925532,-0.45633626503202557,0.2425852734251865,-0.5725006214603714,1.9586522078100486,-0.12668946427931843
iamb_3,iamb,0.46771872644691603,-1.9506102234432372,0.29691852757928056,0.8857160358470995,-0.3221527257548703,1.306621163895708,-0.8178552923089272,-0.9081524597223409,0.05108172054374194,1.172582219439293,-0.39185090718264215,-0.24440419681957265,0.6819301115359181,-0.12668946427931843
iamb_4,iamb,1.6821979927130437,-2.1124860818807782,0.03899293221575624,-0.047391588040996524,-0.3854855766747343,0.8553665388252703,-1.4563437390925247,-1.19187358176086,1.5313781807719937,0.4382278106283591,-0.07916165230670441,-0.2087343271663912,-1.0331170716025775,-0.12668946427931843
iamb_5,iamb,0.16070151241563263,-1.173779303237484,1.3180222551231648,-1.689932104636867,0.40495329764506727,0.47931900413128536,0.41832205042355025,0.7109229148673581,-0.5732149760115303,-0.06276089501184907,0.5367225791153059,0.23100489778527267,-1.0210727761306018,-0.12668946427931843
iamb_6,iamb,0.46951478329528074,-0.3729272003897972,-0.0579744587427285,-1.1602309647320803,0.1894045112405227,0.1799959999504772,-0.5737521911184572,-0.15761186298689236,1.4044230974602976,-0.07908172812794635,0.2425852734251865,-1.3692620895852488,0.1698077929471465,-0.12668946427931843
iamb_7,iamb,0.2825845928795905,-1.2574124485300968,-0.4933243022214732,-0.7644609435936053,-0.11363208566847983,0.3389868483178662,-0.989185946352399,0.27670726889334524,1.5459186617150418,3.1000428465990555,0.1885469855029401,-0.2210249973738872,-1.6190366219157555,-0.12668946427931843
iamb_8,iamb,0.33726173285447075,0.08550819673418299,-0.12026218114253537,-0.21242874940462853,1.0098328179533003,-0.2417258661947064,-1.0783106333511616,0.2936974144516597,0.5301867084745779,-0.3903397431163408,-0.6004691782711342,-1.7627805689601883,-1.6190366219157555,-0.12668946427931843
iamb_9,iamb,0.24019448940641325,-0.7540241072137325,0.7266261818876121,0.45009689772853884,0.8821621678762633,0.759483134600728,-1.7077521332148757,-1.4630009130575121,1.1497701783915661,-0.7387370843072731,-0.9117039332001176,-1.770030243148661,0.7517956615728048,-0.12668946427931843
iamb_10,iamb,-0.8186781431792635,-0.3235045297243303,-0.9190666810133976,-0.31711065077617867,0.51628945583323,1.0268535304277344,-0.6207009848079742,-0.5599321914588037,1.6900746383707899,1.1306428001906854,-0.6277080049819324,-0.18763779653777612,1.3421376323616228,-0.12668946427931843
iamb_11,iamb,-0.19264824298913913,-1.5917653425346157,-0.43534020539298574,-0.2101302390136278,0.5596083431522846,0.1555908924818598,-0.05166882614383048,-0.9177039393477713,2.6354253762856583,1.6212712563870928,-0.06028051321867088,0.20519956752276242,-0.4359837499915397,7.16687416214461
iamb_12,iamb,0.44263764956427554,-0.8433991183255309,-0.4930771055602742,-1.1500940814574843,1.508386892583511,0.8586101662081168,-0.405422358050442,-1.0268353543265543,1.0318863561807567,-0.47582598680240096,-1.19478268897558,-0.18129935597334712,-0.4307720633310806,-0.12668946427931843
iamb_13,iamb,0.31672857646554525,-1.569327205842572,0.7772275973963232,-1.2117505526385703,0.0805048068741162,0.5811038826993389,-0.9564263148912118,-0.8553318602945847,2.5816670957794448,0.6806880686405281,-1.1909886270373913,0.6248850764135393,1.9615304771823134,-0.12668946427931843
iamb_14,iamb,0.09020336569414786,-1.09105969312718,0.13151669574062527,-1.0093778394839867,0.8756961287142249,0.026129695904801888,-1.8486737405915632,-0.10146454618022151,2.4595015443953647,2.3989715261070512,-0.3643631772841045,-0.6032781633903037,-1.0342718204206958,-0.12668946427931843
iamb_15,iamb,-0.6261630628505973,-1.897636323346156,-0.07222259256597517,0.5900999236566803,1.2612499427643993,0.7018315909471023,-1.491437089933436,-0.6040144336070118,1.7071587978367833,1.3373194326505464,1.3462872829660042,1.373873822101829,0.7358019517238741,-0.12668946427931843
iamb_16,iamb,0.9995672842614549,-2.106759868183208,-0.38063413507529786,-0.8935214404935766,-0.682620599111903,1.18574556488513,-1.1074420005596903,-0.4748422339989478,2.0735043340900385,1.0754835186669525,-0.38603631262294874,0.1479949629451597,3.5762687137016376,-0.12668946427931843
iamb_17,iamb,-0.81680873662863,-0.8061431202129496,0.0044293114427690124,0.04152211286950613,0.375247427660598,0.5409071768005559,-0.9234254201639579,0.4416883766045372,0.7546177401488101,1.4007387104672402,1.9476281007112886,-0.1820938812742827,0.16264668640245888,-0.12668946427931843
iamb_18,iamb,0.2704332772444039,-1.5733178202906328,1.621093981538473,-0.05895291831054091,-0.09726580483658473,0.3837225816084647,-1.7049725922577066,-1.24529301965216,2.696617517822334,-0.04634770471562772,-1.763764181875187,1.0390573358948776,1.379242079363482,7.267109070510985
iamb_19,iamb,-0.7596555439491166,-1.4319769945576255,-1.0884580728458466,-1.3014874488051187,1.3034254829686789,1.6251236301771483,-0.7334795628111935,1.0520578796174604,2.6468688248728873,-0.7793626428461812,-1.2036189584756976,-0.9874608153232685,-0.44301735802913905,-0.12668946427931843
iamb_20,iamb,0.39431659586976725,-1.0402997400194682,4.257481837778302e-4,-0.2182917352185086,1.96947180802421,0.4400098571275119,-0.8462756759079958,-1.2316833480184908,0.7746293984554972,-1.3017592511358222,-0.02881577171291378,0.6441015392649375,-0.4172964020753613,-0.12668946427931843
iamb_21,iamb,0.7187595545291108,-1.2368968804902667,0.6643012723460092,-1.342599128728516,0.4297487379233906,1.3689002439725586,-1.4228127382418392,-1.220755858323823,1.4120152153380783,0.3556665022299399,-1.1836513883926265,-1.3618278040814467,-0.4153463165259246,-0.12668946427931843
iamb_22,iamb,0.23543762894351886,-1.2652067018016009,1.2350771457591554,-0.6008381627322268,1.4261347385808028,0.26288405697032996,-1.3556008753344218,-1.5767747676825115,1.7843948953077318,-0.0887787274358446,-0.5885596498975898,0.6798332365603548,-0.4020158660560617,-0.12668946427931843
iamb_23,iamb,0.2725370143764304,-0.3692875738305955,-0.2864052470069078,-1.1450274499779134,0.6155454742886305,0.45670328296427726,-0.7675060913659119,-0.5077310286405035,1.2069479210045633,0.48516694070477917,0.5545847445065663,-1.3615014259346818,0.18723160218282395,-0.12668946427931843
iamb_24,iamb,-0.8062947500117202,-1.5009953146276622,-0.28462798020039104,-0.7484360087855,0.8817852612800395,0.44887821915344694,0.6344196774270345,-0.37759642929905535,1.3871264168139235,0.48334866340606025,3.057717835863709,2.1708435583681642,1.3315367698761433,-0.12668946427931843
iamb_25,iamb,-0.012615189596616571,-0.9396614753807037,-0.5990259104562781,-0.43666128914316,0.6991527542045792,0.7560701978875366,-0.8106813700488781,-0.4870804999997521,0.8731188658236714,1.2583840368919492,1.3680031166399478,-0.9785180469105885,0.7508488435682167,-0.12668946427931843
iamb_26,iamb,-0.1580986748028359,-0.6576302834079564,0.8815583740207579,-1.9050518013373663,0.2640914239414058,1.2510531390629052,-1.013754110602307,-0.010529839059347556,0.7242883030085617,0.24903545548453374,0.5088509650063422,-0.1900042866827191,0.7470691219326762,-0.12668946427931843
iamb_27,iamb,0.6747699789372568,-1.4313928475387214,-0.49925464710230266,-0.3366349263892717,-1.226932212153962,1.2086717934257052,-0.7946338592660742,-0.32899337121701305,1.9195960121412938,1.2754906069421073,-0.33801120655585704,-0.9756657518486201,-1.025142185809684,-0.12668946427931843
iamb_28,iamb,0.5269939821596944,-2.0617622154889337,1.4652151660117965,-1.185131188325061,-0.20642917328020666,0.39033280246351226,-0.6257912641865307,-0.21102722932947174,2.055092289400296,0.49549022238721047,-0.31153123897166435,-0.5543629620233823,0.7932370388858162,-0.12668946427931843
iamb_29,iamb,-0.16480974200449094,0.05601177957677886,0.1675427916230813,-0.9277509058221614,0.8283373977440481,1.1158560598128806,-1.8340260245938422,-1.11065205549471,1.0161311774221504,0.1386463099573817,0.22974452064899156,0.2108859539142081,0.1597982718407991,-0.12668946427931843
iamb_30,iamb,0.48580497099187714,-0.17678749029990334,0.6273827879941268,-1.8111932417033108,-0.9047256555568461,1.1552632951510373,-1.2649307848673796,0.07928715002628015,0.6717760689098764,0.8226783100847087,-0.32556921839129777,-0.16769439168724828,-1.0208316616766562,-0.12668946427931843
iamb_31,iamb,0.36558702341006366,-0.7022190690464619,-0.47230735496852716,-0.3726856969046615,0.23319967916470874,0.09760571901383881,-0.3253694607678171,-0.8649089715138383,2.136138372399339,-0.263357213934712,0.7866251590326313,-1.3775022638777097,0.7414220915177635,-0.12668946427931843
iamb_32,iamb,-0.757635299212198,-0.5840111906264573,-0.4220804952664026,-1.0733096886125217,0.5175124513219265,0.9103228309337348,-0.2671310631402023,0.5902219957286933,1.516652765254153,0.1052471976937607,-0.6339360890448367,0.5916071515233523,0.1499001444510567,-0.12668946427931843
iamb_33,iamb,-1.3857599976894412,-0.5437547714382318,0.4701843415943706,-0.44700075858776006,1.634501883961987,0.8958103819573381,-1.4473338787982601,-0.7530169488338725,1.586120116529233,1.2154221225443964,0.5429988536998429,0.23681587585920102,-0.42020971169921684,-0.12668946427931843
iamb_34,iamb,-0.671209278302838,-0.28869569174180926,-0.9399272747413764,-1.1585959677171962,1.3835720294009775,0.7303468716449841,-0.6729136153977063,-0.05228108953689353,1.6484160500887564,1.209706278041744,-1.1878593300895837,0.23487575520230208,-1.0201071502189585,-0.12668946427931843
iamb_35,iamb,-0.6258853161104254,-0.1458286147334403,-0.5527558107118956,0.11905754243212294,1.149782843198307,0.6941573477736379,0.10945584992864416,-0.4731920122398736,0.9604789106106582,-1.9464612129003211,-0.034536278339348886,0.23584542374548154,-1.6190366219157555,-0.12668946427931843
iamb_36,iamb,-0.8737911782402931,-0.4234135583253814,-1.1021822438678464,-0.03024349494141733,2.0920501935028337,0.24820922428806297,-0.2844421834960095,-0.5298160563739261,0.8839715405084143,1.5079421857131643,-0.12260139930472386,-0.6346658654005898,0.10002282349903778,-0.12668946427931843
iamb_37,iamb,-0.06488782304792216,-1.4654446248083846,-1.13104276110635,1.2268864259121044,0.25893253950081757,0.8172624393299709,-0.24697456742887883,-0.2927197529547506,-0.02923594957787486,1.8676860043588701,-0.3455267602764445,0.9943471600175662,0.15483540047519687,-0.12668946427931843
iamb_38,iamb,-0.5675951266185044,-2.2206672145907316,0.3708257859966494,-1.8148806733923573,0.9917032545384884,1.4172518853764464,-0.6103931844337398,0.8262043449767569,1.8818356119686692,-0.2152960821121506,0.46864544456658463,2.5019729870968477,0.12768429809166187,-0.12668946427931843
iamb_39,iamb,-0.1217543238536081,-1.0758824681993604,0.16813650910644842,-0.846846804754293,1.6710589899506023,-0.0633999369598986,-1.6043328696335277,-0.04496801669267415,1.2322110966021496,2.3859646424862757,1.0373301947867113,-0.6057382112365371,-1.035192347459649,-0.12668946427931843
iamb_40,iamb,-0.15064572063915121,-1.6710635529611073,0.15609998219952484,0.066995401801132,1.406583057875365,1.6558746927241275,-0.8483916840033228,-0.527268204494133,0.286351319296508,-0.8456919899683135,-0.33526184090958533,-0.9737565973885375,-0.4293427154258063,-0.12668946427931843
iamb_41,iamb,0.5723896893080249,-1.6785011469790372,0.9040080599978082,-2.063562100368439,0.5280113073989503,0.48790849694673766,-0.38935540331414076,-1.4914536686471325,2.6127823441355127,1.1056035611900368,-0.3489211793829076,0.5938009707033315,-1.0289219435573758,-0.12668946427931843
iamb_42,iamb,-0.4108953351816002,-1.8403447000052948,0.18686106133396893,0.2871703429869216,0.2513909368972893,0.7731621958729668,-0.28235370107281,0.018120409559974925,0.5460717391954215,2.399415665586012,-0.3386971727345086,-0.18288777070062737,0.1619337278957289,-0.12668946427931843
iamb_43,iamb,-0.4412649734104872,-0.6032766699994874,0.6004978986925819,-2.1090383044432666,0.5500175303584224,1.3290941107586314,-0.37868675325874995,0.3412425238735262,0.23144088534326068,1.371065326102665,-1.4731811545971563,-0.959729927267107,0.7883439888639063,-0.12668946427931843
iamb_44,iamb,-0.7411731999913657,-0.7841283005271324,-0.36847881107513425,-1.1585959677171962,1.982002738630596,0.33421397551123094,-0.5430301599585001,-0.617528788309817,0.7499975551189416,3.230665584336672,0.2527762647714704,-0.16527413028310256,0.7766812648714331,-0.12668946427931843
iamb_45,iamb,-1.8466674266557406,0.3969489355558893,-1.101502958557551,-1.0025376573950138,1.9423065162651663,0.5601394503389515,-0.03978364052112807,0.491436857131212,1.1465745812378063,1.2583840368919492,-0.057098468212620546,-0.582682876644076,-0.43409388917376945,-0.12668946427931843
iamb_46,iamb,0.08887580025330932,-0.5932902838225904,-0.6107641846463158,0.6013588394884445,0.8806740749309829,-0.2742162913420253,-1.11294672768075,-0.5446258165599521,1.750845146718609,0.155437189591512,0.7498436227470866,0.5580435268722973,-1.6190366219157555,-0.12668946427931843
iamb_47,iamb,0.4561498427748713,-1.4795746590743974,0.7772275973963232,-1.3384113576893122,0.0805048068741162,0.8179231547162278,-0.05053362226836335,0.4118711715582704,-0.03497190593875567,0.05142466838754461,-0.042652547078958034,0.2261838429673012,0.7680081108162904,-0.12668946427931843
iamb_48,iamb,-0.9946136505809251,-0.7391431279604364,0.3387634179940539,-0.6966040519362069,1.460348650653242,0.9835226296309103,-0.7865811604684514,0.8025286192537239,-0.1967834708272041,0.531682530817096,-0.3359500087837724,0.2175546379147574,0.7593975286140507,-0.12668946427931843
iamb_49,iamb,0.32559527980539466,-1.4583174769450924,0.3798827247202852,0.3548436150942836,-1.1543897882708107,0.5859510607815562,-0.4365029399272217,0.2686006533370899,1.6116019441729272,-0.249959381207306,-0.3448462523311774,-0.5852081408882004,0.15554268597056814,-0.12668946427931843
iamb_50,iamb,0.6338022777370641,-0.9213629675072337,-0.9490349535656452,0.3725447438839348,1.6165613782702297,0.07288282135155817,-1.1152180020650166,-1.1711400535618235,0.8431974241391045,0.40141546844651843,1.1560141600047478,-0.5458008092878173,-1.012764328743313,-0.12668946427931843
trochee_1,trochee,1.239023751067971,-0.25278844397907013,1.0238877014908367,1.366294934433543,-0.33955999080620786,-0.8207420327414551,-0.015635669422539855,-2.3345264105847474,-0.9943546268525837,1.3269203695744902,-1.323240816021368,-0.14115886650001894,0.6540200196465017,-0.12668946427931843
trochee_2,trochee,1.5562031724712517,-1.4166400654696878,-0.49616649470381646,1.967384939097984,-0.7349864969222787,-1.254857870946438,0.15673483307219874,0.26818153848364235,-0.4262063765607591,0.2434161442605267,2.59139362631919,-1.1738601279330017,-0.1340032871880612,-0.12668946427931843
trochee_3,trochee,-1.903529142624676,0.6467812107117609,-0.9385407992850048,-0.37060337507703484,0.19413530956741662,-0.5308301781204037,0.251869478987551,3.064961787213366,1.9832608588839578,0.1918924983795007,-0.6354846101939755,-1.674127147612187,-0.14653210440412612,-0.12668946427931843
trochee_4,trochee,-0.3917806174379237,-0.00211977177192457,0.8166442885399839,0.3794876569075851,-0.44757334439260427,-0.07280870678088715,-0.10854209686572526,0.4089836646497519,-0.4995006431886868,0.09431781813135098,1.7810599041245594,-0.714112523021629,-0.17025898383668653,-0.12668946427931843
trochee_5,trochee,1.7625002691463474,-0.29446820947335056,-1.5036882351533016,0.5887706482372425,-0.5897638447572592,0.21635741527852972,-0.7281502723588078,-0.0750098312238742,-0.9551140643577108,-0.6333057185138792,0.47857801403692646,0.8466550634064315,1.3871402806029207,-0.12668946427931843
trochee_6,trochee,1.5932826079704745,-0.18485123895283245,-0.7989034874955565,0.5687712778783489,-1.558471231276382,-0.02962591161746006,-0.931012838404166,0.05356054590176751,-0.042599782394710545,-0.3498337254092221,0.10392509454715615,2.3256891296645605,-0.12503027610209325,-0.12668946427931843
trochee_7,trochee,-0.48211759806356147,0.48181945981388996,-0.5748828691060683,-0.2389727480822005,0.08110166796157718,-0.5673154999691458,0.8008215580429983,0.8813465690782196,-1.0259475902468147,1.496147926465866,2.94859626580576,-1.1738601279330017,-0.1340032871880612,-0.12668946427931843
trochee_8,trochee,2.50772061013872,-0.7750698547588181,-0.7510002090780271,-0.008731528046115234,-2.918530759890792,-0.8743856706867432,0.1447753360733159,2.665574981228401,-0.6478127887059673,-0.7529660446872498,0.4979564114415447,-0.1421924880881813,1.4101584804690668,-0.12668946427931843
trochee_9,trochee,2.350276328159582,0.1592770926870182,-1.1528611098828205,2.029996294861761,-1.9586529617695894,-1.823287731718904,-0.2203438152422598,1.0003543474923935,-1.2633998408832263,-0.04939653938779557,-1.3353236868111722,1.8165832382611349,1.361472270887794,-0.12668946427931843
trochee_10,trochee,1.59169844194881,-1.9561729028811938,0.6515920778966383,1.6257261357989556,-1.2426424960654059,-1.1064872080069899,-0.27212851008630756,0.9482686223417297,-0.6365759442747139,0.7629397445586178,0.8269963223499767,0.33314756268157186,0.6253632289056766,-0.12668946427931843
trochee_11,trochee,0.9560372988803962,0.5734465780548172,-0.7712746348561056,0.844946018624002,-0.3519984129043162,-0.8204370827934426,0.012860491109908475,-1.0432560421650332,-0.25467795641931124,0.16527922275380394,0.843056975039083,0.3470881723794972,-0.8667301810471112,-0.12668946427931843
trochee_12,trochee,0.7548505973010835,0.08101883215976469,-0.9904212372413943,2.768230114870783,-0.1436693102813187,-0.4103669765391861,-1.5251533508278117,-0.7816588848192404,-0.5024769844903132,0.6351271577616764,0.41849923181631776,-0.6954430438416581,-0.8853332087639422,-0.12668946427931843
trochee_13,trochee,1.0251757329280349,0.6240662477141864,0.14677060298127478,-0.7934865672765516,0.2068509835655309,-0.6031931376732035,-1.0311991411796766,0.21999760623705006,-0.6730459043375674,-0.29657366755307335,1.9389131567334017,-1.1582235919273631,-0.11059910143485399,-0.12668946427931843
trochee_14,trochee,1.4867878673686907,-0.966639739427877,-1.9652282986369596,0.3065552514953168,-0.40003476491238993,-0.6257246363032264,0.28155045581062293,0.49157471531057567,-0.6056724709351159,2.467200373027401,0.0592707736274117,1.255179038163361,1.3070941500624826,-0.12668946427931843
trochee_15,trochee,-0.4727686940325733,0.5894813067919311,-1.4841276967823738,-0.5999358855272043,0.5606700805865754,-0.39307732426168257,0.9365329450783875,-0.10580192329046731,0.66502507041121794,0.3812541472427008,0.4406915065362806,2.285344404927662,0.6018440687922785,-0.12668946427931843
trochee_16,trochee,1.4744522801751536,0.7260815656173807,-0.6551277167976831,-0.6361461225318924,-0.2575102839473107,0.08532025599867914,-0.4228033436436704,-1.705637829292086,-0.5539999821341292,0.6911061239129833,-0.5934959272838527,-0.6465990308618674,0.6551815202298245,-0.12668946427931843
trochee_17,trochee,1.6664906244571651,-0.9805378514776243,0.3016142540191529,0.2435738105778118,0.30094552186815693,-1.317462832686516,-0.04379267082063506,-0.5670348444083608,0.21242811304339512,-0.35260867134207696,1.5395603884551134,-2.166023557710126,1.3674722887897635,-0.12668946427931843
trochee_18,trochee,0.8920941274504304,-0.1419968097643998,0.04685441725568773,0.5408129977871342,-2.2981688797838515,0.018100320727557715,0.9576143056862779,0.6142672536009129,-1.1144965323947025,-0.0726651927328797,-0.2671209428987469,0.31314419203311405,-0.13474617529948085,-0.12668946427931843
trochee_19,trochee,0.41197779896905445,0.7620052483885962,-1.9897793330382234,-0.7162350736458863,0.23258334823460253,-0.9487321114446023,1.075696548496876,2.139636380493204,-0.5465981454746284,-1.503097111331499,1.1449807481592869,1.7809003500941445,-0.8805855012622131,-0.12668946427931843
trochee_20,trochee,1.6198001290739112,-0.30545186780875333,0.6683272297951143,1.00756286165409,-1.2310958962254974,-0.30723736432615206,-0.4272430916568155,-0.898012628740804,-0.9759511351360423,-0.6517875049996623,-1.3317047216410811,1.836687260451802,0.6276291550549158,-0.12668946427931843
trochee_21,trochee,2.041114223209862,0.476676574102983,-1.9162481316934226,0.17376225159815875,-0.1519054700246759,-1.7283634107042236,0.4861121790150099,-0.4372774187808257,0.16512319777776213,-0.1635948902414111,0.8371960485976957,-0.6612088820815623,0.6333140380938093,-0.12668946427931843
trochee_22,trochee,2.0858076155223837,0.6721281346948137,0.9235125528783779,1.0245902860074547,-1.968547113648048,-1.0434037258840865,-2.127063580248024,-0.4486899576189916,-1.143012503392495,0.14395405164859398,2.996608343675101,-0.6634900564256176,-0.11974576654135759,-0.12668946427931843
trochee_23,trochee,0.5266479732588865,0.16665279991907317,-1.3248535128461818,2.3309571414795913,1.0806238309712293,-1.569539240991686,-0.9341158788043031,1.661785360474911,-1.1346854022145927,-0.6389106610844911,0.7520456536388376,-0.7055550905971387,-0.8903783206421964,-0.12668946427931843
trochee_24,trochee,-0.2479275520872233,-0.0654388640295041,0.9708417383393323,-0.019195180727653093,0.45579705311662094,-1.2288440683670279,0.4716039622349048,0.6117100655253853,-0.15721353517483508,0.9513336340562659,-0.28567911845629973,-0.6939870235308973,-0.8846067697410196,-0.12668946427931843
trochee_25,trochee,1.2677958900710733,1.0770570371369368,-0.41967869308544936,-0.3995973724269671,-1.2886721982742169,-0.34550040744021493,-0.9858027282226912,0.17447525473829123,-0.36123368982602827,-0.8020575612376855,1.555903264935979,1.8427581059798537,-1.6190366219157555,-0.12668946427931843
trochee_26,trochee,1.406701616971746,-0.44760077836957307,-0.11801144983671738,1.0104782652215234,0.2068888524439024,-0.29175562508283975,-0.2166898196589864,-1.3697129904771796,-0.9165045058828557,-0.046474803330206954,-0.9763247970150108,0.32435650848923936,-0.8735349629243149,-0.12668946427931843
trochee_27,trochee,0.873532566966314,-0.33298360534082694,-0.5787032795927287,1.033116910791077,-1.1387922319686805,-1.684882205242506,-0.49785330589268956,0.9708015280411729,0.33111526001926384,0.6215156760990445,3.720789636101297,1.341660398018606,2.8811098939375306,-0.12668946427931843
trochee_28,trochee,0.27458692235245047,0.5054449833180121,0.9094152379643268,-0.2553660015368406,-0.9104324039091871,-0.29175562508283975,-0.29752432195117584,0.6530713466328869,0.28779996139828956,-1.933126638138951,0.45822972297326314,-1.16987153123038,0.6174683550585659,-0.12668946427931843
trochee_29,trochee,1.5373302355816632,-0.9521544169100601,-0.11801144983671738,1.9598614652902984,-1.7298013252347881,-1.8202911374156319,0.6724897055550986,-0.49024153955975924,1.0619956903647405,1.0540721003082283,-0.25904753702087385,-0.671795517990507,-0.8735349629243149,-0.12668946427931843
trochee_30,trochee,1.7300080014485912,-1.3043130769002445,-0.013143292347345745,1.047441625705475,-0.47138062806923614,-1.1020346138924761,0.35905566946840306,0.3089731114391682,-1.195211469714025,0.657782496979057,0.8504166538953242,-0.6543236090359816,-0.11059910143485399,-0.12668946427931843
trochee_31,trochee,0.7342548825490682,-0.006592938133934571,-0.949747295919409,0.6563527516778181,-0.5074087164790556,-0.3717407449286443,-0.9277076584608153,0.1457691746931165,-0.5565999142754464,2.0171991494801143,0.46455332602107025,1.3292907316759857,0.623101868854471,-0.12668946427931843
trochee_32,trochee,2.4388370132664674,-0.8207480134306447,-0.7145004464356842,1.896364167512352,-0.3392580747226395,-0.9385061219872952,-1.3171834675152658,-0.46262105032356854,-1.561195908856248,0.3750279204817505,1.8613184409278956,-0.6837135880979415,0.5996298308155008,-0.12668946427931843
trochee_33,trochee,1.3916410098753182,0.9179505182522644,-0.6450309301196709,0.8958697812525565,-0.08818398392360641,-1.4979107436978203,-1.1097342702115587,-0.22094255001129148,-0.40868741362646177,-0.4528822560471456,0.4888763607349658,0.8589141829226737,0.644770552132515,-0.12668946427931843
trochee_34,trochee,0.9346450125823886,0.7021471738049819,-0.7043840011871911,0.09819875101151747,-0.2472481743318681,-1.01778858195331,0.0922062933186112,1.4146979877499593,-0.8202369917488966,-1.671351745426654,1.4896495050243854,-1.674127147612187,-0.14653210440412612,-0.12668946427931843
trochee_35,trochee,1.4369397231314478,-0.5805800276806726,-1.9601504936314031,0.8712416748675217,-1.0622166539455136,9.59316859025044e-4,0.24802837556248036,-0.06577441567947627,0.1957191422233778,0.18888875641899966,-0.6361873661844578,0.7838909254665031,-0.14726251339098712,-0.12668946427931843
trochee_36,trochee,2.9401925704334517,0.054276337380984516,0.072290726978453,0.09077868622391881,-1.6025878931414457,-1.523396456571308,-0.47970607776590357,-0.6091322053428345,-0.27828295614905246,-0.5057363142339616,-0.2004221252673313,0.9201350297751281,-0.07928747672326297,-0.12668946427931843
trochee_37,trochee,0.7676746672465848,0.6351833531061992,-1.3344468070414086,-0.371967304787184,0.40620484713498595,-1.3755390701557402,-0.03042777447698377,3.207266986878342,-1.9854480684874067,-1.1823082126072084,2.931136984673748,0.3057252361735333,0.600736397624843,-0.12668946427931843
trochee_38,trochee,1.692932957083177,-0.9276724019868569,1.810211171277889,0.1368851386590082,-1.131033197321391,-1.449561694608639,0.7532413431601616,-0.25110283904120817,-1.324303144598654,0.550900476502239,2.337452026643192,-1.1499587024078737,-0.8586325719962442,-0.12668946427931843
trochee_39,trochee,0.5866771150407672,-0.8872440591978971,0.3343448442996662,-0.27974291930630046,-0.6446342795200639,-0.06737248999440898,0.1334707323782839,1.213041419213994,-0.2912743248107735,-0.8148200265245052,2.266614827028073,-0.1666866613967675,-0.8709033383086114,-0.12668946427931843
trochee_40,trochee,1.757706038052842,-0.504392553983516,-0.7170929122395938,0.32880273604722704,0.09388789171453979,-0.5600818377494438,-0.5609249246106953,0.18874919484091446,-0.4197677004905534,-2.1016902205742682,1.1658043346608662,1.8066067683313465,-0.8757759498751911,9.03776823866217
trochee_41,trochee,1.4679203095216098,1.0391395085728812,-0.19704427197525923,2.8645954554548463,-1.5988940493254322,-2.006048966365688,0.4716039622349048,-0.2546999282001927,-1.5131206864560116,-1.3719566823233136,-0.28567911845629973,-1.184665868257307,2.0531126389579244,-0.12668946427931843
trochee_42,trochee,1.1581284228753224,0.5075274247500244,-0.3200357214811834,-0.06635553062057635,-0.36316706909329816,-0.2571005299052387,-1.6737653057469384,0.16055014015137234,-0.24228908773872607,-0.2056937102104488,1.0871619832027266,-1.1971366893353974,1.2813510640919994,-0.12668946427931843
trochee_43,trochee,2.538662914454611,-0.8120993779504337,-0.4899072158132502,0.2435738105778118,-0.5942610408465486,-0.47796811082963425,-1.5819670702507733,0.5780042313457232,-0.21833000937544877,-0.9824421139304684,-0.6155202568216843,0.3281165186546133,-0.12578216656299598,-0.12668946427931843
trochee_44,trochee,0.9899341195020057,1.2386003400164958,4.259024992682158e-5,-0.21551094238608526,-1.9058470971213317,-1.2450358370753338,-0.7187146233683744,0.10510993636203396,-0.33073736703522316,1.664042242389251,2.9561163213738975,-0.1787127479911338,1.3554963132079871,-0.12668946427931843
trochee_45,trochee,1.8752921362678114,-0.18774151776619685,1.621676907069241,-2.0460794062853425,-1.277142970096868,-0.6885273036000671,0.6208923385800024,-0.030792750504325634,-1.5325043565695258,0.6710712056718114,0.8563313912175892,1.3684638923313575,-1.6190366219157555,-0.12668946427931843
trochee_46,trochee,0.3647514570832021,-0.3521829466141605,-1.467955916869794,1.8112206612391262,0.27197187512036197,-1.3937057133970467,-0.5049178934887126,0.43142677390167844,0.6696843866292155,0.9309950656300482,1.9127086112947076,-0.16365736306902018,0.6287638347402545,-0.12668946427931843
trochee_47,trochee,1.2484433842515643,-0.6905902984029608,-1.3181835731755198,0.6774157018105156,1.831043184721016,-0.9888937610029842,-0.8700208873820047,0.8201356021686061,-1.69588226784105,0.4188740595392863,1.172266272455378,-0.17571981002468967,2.104729194833659,-0.12668946427931843
trochee_48,trochee,1.4333472555936722,-0.24706232280815235,-0.43178354967033183,0.7644730827824754,-0.216322051289174,-0.8545000425585939,-0.28907892618930603,-0.9999849427034379,-0.2942377342315464,0.5182692367742353,-0.9870304277611919,1.7789367063589183,1.3332983062294514,-0.12668946427931843
trochee_49,trochee,2.625880143454355,-1.6542917455863742,-0.17329862788028763,-0.0733650533941485,-1.4148670566683623,-0.28043994098095676,-0.934314691543347,0.22568451572908274,0.7293378599460075,-0.9824421139304684,1.8987404960012468,-0.6695395118912826,-0.12578216656299598,-0.12668946427931843
trochee_50,trochee,1.5150875559337982,-1.4710267974774296,-0.567726835069499,1.2735488946136773,-2.055950929101459,-0.471008544479747,-0.21863389138318562,0.7892011748701298,0.8878833699387436,0.0054784518611360345,0.6940445412541638,0.6944995774914539,-0.19186172880082844,-0.12668946427931843
