sample_id,class_label,2,1,3,4,5,6,7,8
amphibrach_1,amphibrach,-0.36719835844929255,-0.2814667016148586,0.890473655525858,0.46151812517696816,-1.0800571827452687,-0.9537564018389884,-0.3450917250280647,-0.06324555320336758
amphibrach_2,amphibrach,-0.25018404591037446,-0.1930055658551786,1.4757640046930753,-0.366929735117393,-2.460765496199453,-0.9537564018389884,-0.3450917250280647,-0.06324555320336758
amphibrach_3,amphibrach,0.4217735203084615,0.011791013140188046,0.33791765225361653,-1.3470773661153435,-0.36140942021807815,1.3745999207284938,-0.3450917250280647,-0.06324555320336758
amphibrach_4,amphibrach,-0.2483471803918155,0.05709382413982329,0.7185680005295062,-0.20883071146603097,-1.4350736276121927,-0.9537564018389884,-0.3450917250280647,-0.06324555320336758
amphibrach_5,amphibrach,1.1312989996284069,-0.8068179680668278,0.7658681152209036,-0.4848029333646166,-1.1063755529419854,-0.9537564018389884,-0.3450917250280647,-0.06324555320336758
amphibrach_6,amphibrach,0.45885631824096207,0.041904104564131954,-0.1518281497674285,0.45142268919526324,-1.9582168548868857,-0.9537564018389884,-0.3450917250280647,-0.06324555320336758
amphibrach_7,amphibrach,0.6397847651303534,-0.2558456650074246,-0.005125377523554516,0.5221434789115806,-1.6139323163791766,-0.9537564018389884,-0.3450917250280647,-0.06324555320336758
amphibrach_8,amphibrach,0.26175529633533856,-0.47274247370352884,1.0541985633345021,-0.2006686982141164,-1.7210801854321676,-0.3711591683550036,2.4150029355216844,-0.06324555320336758
amphibrach_9,amphibrach,-0.48908866898399717,0.28271116810321695,0.8082070524551914,-0.7330793454401311,-1.2485904816513966,-0.387952984326564,-0.3450917250280647,-0.06324555320336758
amphibrach_10,amphibrach,-0.35647452816347164,-0.3135899589970373,0.9562219050945877,0.6298073521307849,-1.5012332102100174,-0.9537564018389884,-0.3450917250280647,-0.06324555320336758
amphibrach_11,amphibrach,-1.0178865726799275,0.17232645492724286,1.0181879125776743,0.24013797844253038,-1.3461851879089373,-0.9537564018389884,-0.3450917250280647,-0.06324555320336758
amphibrach_12,amphibrach,-0.5798307578181426,-0.060671029242671995,0.9835226842136169,0.3834088743712381,-1.736259704421834,-0.9537564018389884,-0.3450917250280647,-0.06324555320336758
amphibrach_13,amphibrach,-0.40744420237678614,-0.06653695079396212,0.8426374071970365,0.2436989567136433,-1.5261270825073228,-0.9537564018389884,-0.3450917250280647,-0.06324555320336758
amphibrach_14,amphibrach,-0.0782447640939695,0.03229647662171209,0.7891453106334179,-0.6807089532240103,-1.330781559510808,-0.3811565468789673,-0.3450917250280647,-0.06324555320336758
amphibrach_15,amphibrach,-1.1180088468494942,-0.1928094057119715,2.03947364232157,0.03298670182795624,-2.2518844489498746,-0.9537564018389884,-0.3450917250280647,-0.06324555320336758
amphibrach_16,amphibrach,-0.634778371459228,0.11144007809973115,0.3358486267235872,1.135350473644211,-1.7297993146753496,-0.3751997213397213,-0.3450917250280647,-0.06324555320336758
amphibrach_17,amphibrach,0.7187861913336328,-0.3893981426224999,0.9128282510367577,-1.2603143182536416,-0.9946463378678843,-0.9537564018389884,-0.3450917250280647,-0.06324555320336758
amphibrach_18,amphibrach,-0.4670501823647189,0.1845550343246832,1.0401664765272736,-0.55599430039211,-1.8566882372340017,-0.9537564018389884,-0.3450917250280647,-0.06324555320336758
amphibrach_19,amphibrach,-0.14044627309362792,-0.24376181517754275,1.116980961009859,-0.1744779352357908,-1.6510729324044742,-0.9537564018389884,-0.3450917250280647,-0.06324555320336758
amphibrach_20,amphibrach,0.7346584667330537,-0.4314848636634009,0.22928054995434,0.2173612511582135,-1.2293141602026896,-0.9537564018389884,-0.3450917250280647,-0.06324555320336758
amphibrach_21,amphibrach,-0.24668584946282085,-0.07908556268643584,0.2686141790906311,0.9464756463610388,-1.317960640649542,-0.9537564018389884,-0.3450917250280647,-0.06324555320336758
amphibrach_22,amphibrach,-0.37526169597434483,-0.2431106544821749,1.2300541037651191,0.016333887731400983,-1.7210801854321676,-0.3711591683550036,-0.3450917250280647,-0.06324555320336758
amphibrach_23,amphibrach,0.5126183939087119,-0.6518687849641512,0.3887549483917676,1.048215702800361,-1.533618789561542,-0.379925678747067,-0.3450917250280647,-0.06324555320336758
amphibrach_24,amphibrach,0.30593110522334255,-0.36927800070093836,0.46565405232381835,0.6338524389121362,-1.7383983353796673,-0.9537564018389884,-0.3450917250280647,-0.06324555320336758
amphibrach_25,amphibrach,-0.3005153938994785,-0.4477752078950199,1.1897346271135567,0.3176815024304807,-1.1917927862201771,-0.9537564018389884,-0.3450917250280647,-0.06324555320336758
amphibrach_26,amphibrach,0.10881841629888078,-0.6514837894717765,1.291874250082867,0.23687770148930712,-1.8058883693890435,-0.36106978464901984,-0.3450917250280647,-0.06324555320336758
amphibrach_27,amphibrach,0.4526048796530491,-0.43275115831861477,1.1841214975244942,-0.7269116863342612,-1.8377933454663864,-0.9537564018389884,-0.3450917250280647,-0.06324555320336758
amphibrach_28,amphibrach,-0.8748271051219647,0.41638315966178574,0.8504712427329185,-0.9006527341286501,-0.373903110470951,-0.9537564018389884,-0.3450917250280647,-0.06324555320336758
amphibrach_29,amphibrach,0.13181808920399557,-0.7474429232373291,1.0676943940913017,0.9477433050613383,-1.824839049494065,-0.9537564018389884,-0.3450917250280647,-0.06324555320336758
amphibrach_30,amphibrach,-0.7352554461270736,-0.41889279544567815,2.1793274344786258,-0.42582980040501434,-2.0527487383254246,-0.3818925364097642,-0.3450917250280647,-0.06324555320336758
amphibrach_31,amphibrach,0.6855767667680098,-0.3130625716103148,-0.011362255821206061,0.6186056173603814,-1.6228224379048344,-0.9537564018389884,-0.3450917250280647,-0.06324555320336758
amphibrach_32,amphibrach,0.5099643505696688,-0.44213667897661413,0.608630838863206,0.0877138060635239,-1.5005836779219903,-0.9537564018389884,-0.3450917250280647,-0.06324555320336758
amphibrach_33,amphibrach,-1.088941824808213,-0.3136493313446628,1.8631185690741006,0.09618167023600167,-1.1823571690707233,-0.9537564018389884,-0.3450917250280647,-0.06324555320336758
amphibrach_34,amphibrach,-0.26348078751913306,-1.0717808868264338,1.8400350023826935,1.1865528149565887,-1.9058012742326826,-0.9537564018389884,-0.3450917250280647,-0.06324555320336758
amphibrach_35,amphibrach,0.09479871051054513,-0.34493607823611805,0.8026083116276327,0.09541990414975215,-1.3071231145886157,-0.9537564018389884,-0.3450917250280647,-0.06324555320336758
amphibrach_36,amphibrach,0.13444008606020696,-0.1874044033393015,1.0530081488880938,-0.6578446250602152,-1.7468797123633615,-0.9537564018389884,-0.3450917250280647,-0.06324555320336758
amphibrach_37,amphibrach,-0.9718461950927098,0.10801165328770172,1.010612374834302,0.5052422052933612,-1.63796059386585,-0.9537564018389884,-0.3450917250280647,-0.06324555320336758
amphibrach_38,amphibrach,-1.0986975867372792,-0.030431463324485823,1.5224752696735315,-0.05959311838631913,-1.1807748673402274,-0.9537564018389884,-0.3450917250280647,-0.06324555320336758
amphibrach_39,amphibrach,0.34395683960387385,-0.41717436158360816,0.8522117287766492,-0.0035419315022780814,-1.7583539089995504,-0.9537564018389884,-0.3450917250280647,-0.06324555320336758
amphibrach_40,amphibrach,0.4304741651942978,-0.053161523881685345,0.7207771704379757,-1.2315250849184405,-1.5210892939533724,0.7826663153056029,-0.3450917250280647,-0.06324555320336758
amphibrach_41,amphibrach,-0.41796535488491054,-0.3948759604902403,1.677213342963744,-0.35109414089060337,-1.526754357907183,-0.9537564018389884,-0.3450917250280647,-0.06324555320336758
amphibrach_42,amphibrach,-0.46143051762387777,0.033462840101106284,1.3106734934242017,-0.6464024767098725,-1.8412314738100641,-0.9537564018389884,-0.3450917250280647,-0.06324555320336758
amphibrach_43,amphibrach,0.3471357960664951,-1.457191092469853,2.022055352519298,0.6322354494416583,-1.591496547169506,-0.3605429521004065,-0.3450917250280647,-0.06324555320336758
amphibrach_44,amphibrach,1.050443001099704,-0.5110144435737534,0.4093949150889109,-0.4719219306460135,-1.302017036181735,-0.3711591683550036,-0.3450917250280647,-0.06324555320336758
amphibrach_45,amphibrach,0.6777855763947496,-1.2195710880613608,1.570243883172729,0.3716648153154963,-1.8095212462578179,-0.9537564018389884,-0.3450917250280647,-0.06324555320336758
amphibrach_46,amphibrach,-0.9239272010897683,0.02364497551329633,1.1689251887328242,0.3032018714563355,-1.5172879539379898,-0.9537564018389884,-0.3450917250280647,-0.06324555320336758
amphibrach_47,amphibrach,-0.6644134978947503,-0.15971265963782896,1.2985408807996925,0.05819322039954181,-1.3998933591818086,-0.9537564018389884,-0.3450917250280647,-0.06324555320336758
amphibrach_48,amphibrach,1.9674522843545685,-0.8136219139310046,0.48782831636076246,-1.1237295679190527,-1.9374265337333996,-0.374948829457458,2.397049154121751,-0.06324555320336758
amphibrach_49,amphibrach,-0.009649330067385636,0.08005675024220607,0.399554397700805,-0.10557404135643947,-1.444278887125613,-0.9537564018389884,-0.3450917250280647,-0.06324555320336758
amphibrach_50,amphibrach,0.6490683114537293,-0.48535114174340077,1.029385048519504,-0.7368076083843824,-1.6561342757549025,-0.9537564018389884,-0.3450917250280647,-0.06324555320336758
anapest_1,anapest,-0.8486833461328172,1.1872664876082655,-0.9009563758975109,-0.19339474270764007,0.2100198643100718,-0.9537564018389884,-0.3450917250280647,-0.06324555320336758
anapest_2,anapest,-0.9434842852638137,0.8741952479438481,-0.9287604098267517,0.8600397613529767,0.31649235441849655,-0.9537564018389884,-0.3450917250280647,-0.06324555320336758
anapest_3,anapest,-0.056371271862403406,0.4985373967353998,-1.0081323384689564,0.8653576629608347,-0.5196942812430267,-0.38408919658426827,-0.3450917250280647,-0.06324555320336758
anapest_4,anapest,-0.8009585672321521,0.3651240231450173,-1.2020908259404508,2.4108817679767216,0.5934330265365546,-0.9537564018389884,-0.3450917250280647,-0.06324555320336758
anapest_5,anapest,0.5316209679500272,-0.3377050828055961,-1.031532282758338,1.3107258703572175,1.3538204341967603,-0.9537564018389884,-0.3450917250280647,-0.06324555320336758
anapest_6,anapest,0.5126183939087119,0.15859694328724902,-1.689757741856938,1.1550843451909838,1.3556828976823068,-0.9537564018389884,-0.3450917250280647,-0.06324555320336758
anapest_7,anapest,0.7644465166459313,-0.28115295972394766,-1.1522369575520146,1.4959371390309453,0.21100211166383234,-0.38164741687893305,-0.3450917250280647,-0.06324555320336758
anapest_8,anapest,0.6634093465097635,0.18460186713960228,-1.6433217512102576,1.1467982182663137,0.44194253652663584,-0.3943556214903676,-0.3450917250280647,-0.06324555320336758
anapest_9,anapest,-0.00887634376591229,0.4205172458107191,-1.3015499155343466,1.039261235501104,0.558843906042424,-0.9537564018389884,-0.3450917250280647,-0.06324555320336758
anapest_10,anapest,-1.0220949730214353,0.5843523301454965,-0.12653679449952818,-0.09014173732534243,1.0392060451831566,-0.9537564018389884,2.3688039261820104,-0.06324555320336758
anapest_11,anapest,-0.7088866009237272,0.951709882969496,-1.9996301858427512,2.040777740936909,0.5293064234601618,-0.3964577538591098,-0.3450917250280647,-0.06324555320336758
anapest_12,anapest,-0.3724040401998731,1.0166816676216286,-1.9923025872684106,0.8298900603008004,1.3238529201833422,-0.9537564018389884,2.2907469024498326,-0.06324555320336758
anapest_13,anapest,0.40331036515160135,0.45835388603555277,-1.568077901373598,0.21426183659022427,1.4740113213950155,-0.9537564018389884,-0.3450917250280647,-0.06324555320336758
anapest_14,anapest,-0.8141435695921608,0.5047401640509811,0.021338866832728155,0.2555236559401889,-0.33623792824577736,-0.9537564018389884,-0.3450917250280647,-0.06324555320336758
anapest_15,anapest,1.2414357501167155,0.029990562616468677,-1.528272613729909,0.41551148410031774,0.29145765479521973,-0.38554428523115136,-0.3450917250280647,-0.06324555320336758
anapest_16,anapest,1.0696546246772964,0.0643408368086359,-1.6422530566016038,0.4846978023971446,1.072674142904051,-0.9537564018389884,-0.3450917250280647,-0.06324555320336758
anapest_17,anapest,-0.564840507339809,0.36513971972270604,-0.623006685005435,0.9345974619429606,0.3567231323723733,0.17022697661306152,-0.3450917250280647,-0.06324555320336758
anapest_18,anapest,-1.8458076062442508,0.6977120041685034,-0.6987300638674319,1.9214018116165819,1.5271955648797415,-0.9537564018389884,-0.3450917250280647,-0.06324555320336758
anapest_19,anapest,-0.12919498074031657,0.28259168004900553,-1.065892113332867,0.32390924181427416,2.268596785758864,-0.9537564018389884,-0.3450917250280647,-0.06324555320336758
anapest_20,anapest,1.1062628475716367,0.20336396545731214,-1.2125174574913449,-0.4739212298332962,0.40087166575164945,-0.4010730635732289,-0.3450917250280647,-0.06324555320336758
anapest_21,anapest,-0.43762490428356743,1.4544965020848257,-1.6464435337359418,-1.1573879873601105,1.755043472483296,-0.40538735421704547,-0.3450917250280647,-0.06324555320336758
anapest_22,anapest,-0.5527553839132356,1.2992703417107871,-1.4574007642061253,-0.10976403167003836,0.40227147573463823,-0.9537564018389884,-0.3450917250280647,-0.06324555320336758
anapest_23,anapest,0.14132251324395634,1.0314439107301987,-1.2891398543521306,-1.0303188492435429,0.6476905323199644,-0.9537564018389884,-0.3450917250280647,-0.06324555320336758
anapest_24,anapest,0.18392705027181114,1.286640190334758,-2.1056824341260847,-0.11985899597754818,0.2638948441784327,-0.9537564018389884,-0.3450917250280647,-0.06324555320336758
anapest_25,anapest,-1.172325052239845,0.9575085647086884,-0.766814666332927,0.3112521067941293,1.1316347971792975,-0.9537564018389884,-0.3450917250280647,-0.06324555320336758
anapest_26,anapest,0.3807779237914382,0.7791130809928405,-1.8803434256381368,0.7780817105299388,-0.1768875054097309,-0.9537564018389884,-0.3450917250280647,-0.06324555320336758
anapest_27,anapest,0.15781606238754722,0.49051827445876867,-1.6486625379662727,0.9340493692871267,1.0438236845071145,-0.9537564018389884,-0.3450917250280647,-0.06324555320336758
anapest_28,anapest,0.5634751251675519,-0.09502394883242746,-1.1161164584429433,0.7508696880368018,1.1968492331977818,-0.9537564018389884,2.337715600945408,-0.06324555320336758
anapest_29,anapest,-0.6083508550122305,2.8437559985074288e-5,-0.6120433333222074,1.5739235263773228,1.4342109164219092,-0.9537564018389884,-0.3450917250280647,-0.06324555320336758
anapest_30,anapest,0.625891662353895,0.512389216718041,-1.5510455866761088,0.8471955633557846,-0.8737239991972895,-0.9537564018389884,-0.3450917250280647,-0.06324555320336758
anapest_31,anapest,0.8163537780898522,0.13557827292523514,-1.8480539270020013,0.6757216390464897,1.924234238813512,-0.9537564018389884,-0.3450917250280647,-0.06324555320336758
anapest_32,anapest,0.43039838105548706,0.4418389085515069,-1.108618215347986,0.157076344458429,-0.16162431695161725,-0.3943556214903676,-0.3450917250280647,-0.06324555320336758
anapest_33,anapest,-0.37183173198524766,0.41321582335747137,-1.3800097447334465,1.3349506941325804,1.5618013390709864,-0.9537564018389884,-0.3450917250280647,-0.06324555320336758
anapest_34,anapest,-0.024781595280807818,0.6146425210190651,-1.5164761503397464,0.5190399616756342,1.3238529201833422,-0.9537564018389884,-0.3450917250280647,-0.06324555320336758
anapest_35,anapest,-0.319266985271595,0.7387847054067997,-1.1463204711333435,0.5330893189847596,0.31101932786101816,-0.9537564018389884,-0.3450917250280647,-0.06324555320336758
anapest_36,anapest,0.9336031694430981,0.7116600986323037,-2.1578653847723928,0.40098557294310944,0.003325630582811995,-0.9537564018389884,-0.3450917250280647,-0.06324555320336758
anapest_37,anapest,0.22490254024528478,0.22885602076851871,-1.7623337050601833,1.5748279916869234,1.4135567521471604,-0.9537564018389884,-0.3450917250280647,-0.06324555320336758
anapest_38,anapest,1.149170833058938,0.0855287330535406,-1.8016221401168502,0.772729062148,0.3893357316954107,0.1812183106710534,-0.3450917250280647,15.748142747638529
anapest_39,anapest,-0.38304578791106675,1.096107808567641,-0.9067844926767042,-0.3385594943040828,-0.5979216788047678,-0.9537564018389884,-0.3450917250280647,-0.06324555320336758
anapest_40,anapest,0.24848410899555268,0.008527547414556774,-1.3095929926203567,1.1291502737832604,1.6772600405205613,-0.3784416337735534,-0.3450917250280647,-0.06324555320336758
anapest_41,anapest,0.12081859718722994,-0.07139525360513631,-0.6564187145981184,1.0570951302786198,0.36234943817676946,-0.3908166034788833,-0.3450917250280647,-0.06324555320336758
anapest_42,anapest,-0.0252552946292299,0.3379733861700947,-0.9341242092058416,0.16113875797554864,1.449743123319745,-0.9537564018389884,-0.3450917250280647,-0.06324555320336758
anapest_43,anapest,0.7766891852319437,0.8342814029966216,-1.5021023941501344,-0.7632910713731053,-0.32014932727862366,-0.406287057330453,-0.3450917250280647,-0.06324555320336758
anapest_44,anapest,-0.053725040510641794,-0.28128317358617383,0.3521726849560101,0.3186948966673986,-0.17164455488290048,-0.3757008531547921,2.393486389878594,-0.06324555320336758
anapest_45,anapest,1.0685903354059216,0.5544136504960558,-1.9259304685046972,0.4237229727355028,-0.47494862011311373,-0.9537564018389884,-0.3450917250280647,-0.06324555320336758
anapest_46,anapest,0.1196889290373325,0.8517642796772098,-1.3129034932105195,-0.2603826298626138,0.2047346765811143,-0.4006149754354206,-0.3450917250280647,-0.06324555320336758
anapest_47,anapest,0.10063688441758104,0.051104087726963315,-1.1696837278768617,1.3987595207835042,1.0374825463936386,-0.9537564018389884,-0.3450917250280647,-0.06324555320336758
anapest_48,anapest,-0.941918368777961,0.7394164907664136,-1.1214090832793866,1.0403464079311393,1.287821601177002,-0.3889107556638681,-0.3450917250280647,-0.06324555320336758
anapest_49,anapest,0.48319453651917765,-0.028149757044410143,-1.0472751448113546,0.6944669688111439,0.9714005485018635,-0.39057907613780307,-0.3450917250280647,-0.06324555320336758
anapest_50,anapest,-0.028218540357689822,0.7592744004536297,-1.702038972677381,0.316482485685917,1.496650038113211,-0.3881927315373744,-0.3450917250280647,-0.06324555320336758
dactyl_1,dactyl,0.7907397481044592,-1.9543574080831339,1.5755802391098932,0.9886806126496789,0.42356622287742934,0.09721230832779047,-0.3450917250280647,-0.06324555320336758
dactyl_2,dactyl,1.3955844703816236,-1.9343254672101098,0.7841355176960516,1.324575584141096,0.5002581745438586,-0.4309478386146213,-0.3450917250280647,-0.06324555320336758
dactyl_3,dactyl,1.1064807653266833,-1.9693610675047624,1.2108494732039432,0.9205185366436882,0.752586616555167,0.6421745609890017,-0.3450917250280647,-0.06324555320336758
dactyl_4,dactyl,1.010903932386802,-1.8569247017311146,1.0566749106908235,0.8214642675970897,1.4012810458036533,-0.4243116331314084,-0.3450917250280647,-0.06324555320336758
dactyl_5,dactyl,0.6100977892070267,-1.6794651343534661,1.214613470298625,1.5786102521621685,-0.40357860982390864,0.6371020748139427,-0.3450917250280647,-0.06324555320336758
dactyl_6,dactyl,2.0380220000849345,-1.8170770974894586,0.2828410383110298,0.9748606003880973,0.10728074398642806,-0.43379915138639424,-0.3450917250280647,-0.06324555320336758
dactyl_7,dactyl,1.5081197847061023,-1.6612072070991104,0.564998333804577,0.6062405252899625,0.6926003003828991,0.09309086240556778,-0.3450917250280647,-0.06324555320336758
dactyl_8,dactyl,-0.5457763454309733,-0.8279942514462902,1.1367506325531274,1.0733562526450444,0.2755685793078831,0.11062179745272548,-0.3450917250280647,-0.06324555320336758
dactyl_9,dactyl,1.431188789606639,-2.232153318484752,1.283956185123162,1.0103055026657564,0.6367521313274517,0.6333188204104873,-0.3450917250280647,-0.06324555320336758
dactyl_10,dactyl,0.7177785717824237,-1.642991482578642,1.2226802669507664,0.5789690646843887,1.0220373457029572,0.10555332983705064,-0.3450917250280647,-0.06324555320336758
dactyl_11,dactyl,1.1598899268852223,-1.9166793054122422,1.1771217710119495,1.1032935086381144,0.2396429208103445,-0.4274432070788113,-0.3450917250280647,-0.06324555320336758
dactyl_12,dactyl,0.5940368752551098,-1.5026808679075452,1.0368501541024437,1.2567900484559025,0.03845833204117389,0.0947355556722522,-0.3450917250280647,-0.06324555320336758
dactyl_13,dactyl,-0.22682921902510267,-0.8253830893335015,0.9070110360018735,0.6888290762773844,0.8243609163426704,-0.45027459802465075,-0.3450917250280647,-0.06324555320336758
dactyl_14,dactyl,0.7678408327460219,-1.2390315238772573,0.48884660948516684,1.0168479716153713,0.5111926430946713,-0.42930443252197104,-0.3450917250280647,-0.06324555320336758
dactyl_15,dactyl,0.5976495761701603,-1.4279791458379145,0.9658738024125987,0.9057379655574431,0.7371857651630572,-0.9537564018389884,-0.3450917250280647,-0.06324555320336758
dactyl_16,dactyl,0.9943099969129527,-1.8758258434840411,1.5344000491770344,-0.045985348056279275,1.3430013107408112,0.09104223762231041,2.129811158462924,-0.06324555320336758
dactyl_17,dactyl,0.16029892956950564,-1.5831586711746424,1.662959130279478,0.8739715417063021,0.2930094383358053,1.1252626977121163,-0.3450917250280647,-0.06324555320336758
dactyl_18,dactyl,0.7425688882319145,-1.519722798889005,0.6452165210303497,1.3551400717113637,0.9221485864204186,-0.4247313277558298,-0.3450917250280647,-0.06324555320336758
dactyl_19,dactyl,0.15108452723975985,-1.2996400803935064,1.1335066249921493,1.619848203317691,-0.4013847694836227,-0.9537564018389884,-0.3450917250280647,-0.06324555320336758
dactyl_20,dactyl,2.3690302575026294,-1.9797012873436535,0.03112232030847325,0.6944669688111439,1.2942101306588376,-0.4257776589941272,-0.3450917250280647,-0.06324555320336758
dactyl_21,dactyl,1.4361979136447969,-1.783127125320044,0.4452721046044786,1.5506278851146698,0.11934781624755403,0.6122157474513625,-0.3450917250280647,-0.06324555320336758
dactyl_22,dactyl,0.8425141213022092,-1.072368561645285,-0.08419551396845587,1.4151450761161677,0.6220066478143148,-0.44039860879598486,-0.3450917250280647,-0.06324555320336758
dactyl_23,dactyl,1.0987007793189583,-1.6885851420178424,0.5856540054746201,1.3226604303872957,0.7985740919650061,0.09638542499957116,-0.3450917250280647,-0.06324555320336758
dactyl_24,dactyl,1.2868574575591503,-1.5930278270027618,0.472342562900847,1.444697129641009,-0.386477992408614,1.1052181633932665,-0.3450917250280647,-0.06324555320336758
dactyl_25,dactyl,1.9864575981535193,-1.7666999137455075,-0.16947167372118613,1.9699630719317753,-0.584787196673839,0.6434477408556376,2.1771966145489094,-0.06324555320336758
dactyl_26,dactyl,1.5077727490321107,-1.2920946340768371,-0.5507893982836378,1.6457530264098523,0.4601159913269494,1.1707645084862153,-0.3450917250280647,-0.06324555320336758
dactyl_27,dactyl,0.40896961319671626,-1.0978413986146145,0.3269120825809396,1.6749319659298285,0.2866525027129539,-0.9537564018389884,2.11249741889711,-0.06324555320336758
dactyl_28,dactyl,1.7092840515672583,-1.9346796013863936,0.7882598248583985,0.47898424533528483,1.0376027425079628,-0.4344061053752494,-0.3450917250280647,-0.06324555320336758
dactyl_29,dactyl,1.7003261776857257,-1.8351668376615355,0.26425511275724484,1.5310270539103221,0.1798674554110785,0.5958530353651244,-0.3450917250280647,-0.06324555320336758
dactyl_30,dactyl,0.8909761305281865,-1.3612244658310053,0.5124566706761688,1.3095611366839723,0.012614089348439148,0.0857531479365639,-0.3450917250280647,-0.06324555320336758
dactyl_31,dactyl,1.2899192201371676,-2.008609248495631,0.3828326643118825,2.717060258812589,0.014719498244026928,-0.41685766414316816,-0.3450917250280647,-0.06324555320336758
dactyl_32,dactyl,2.280335084971638,-2.147013281412723,0.15156792745154574,1.6072596858720656,0.13517683623285412,0.6202179636230507,-0.3450917250280647,-0.06324555320336758
dactyl_33,dactyl,0.664577122368159,-1.4688788697165909,0.7157559392995854,1.4988610912852285,0.3851648060515183,-0.43420394488616276,-0.3450917250280647,-0.06324555320336758
dactyl_34,dactyl,-0.05379506223265976,-1.5208884093060702,1.880880980421477,0.10670254895880978,1.5819872562799246,0.08131941197396944,-0.3450917250280647,-0.06324555320336758
dactyl_35,dactyl,-0.3999185145204804,-1.132926508056382,1.1801713454095086,1.2527631159986006,0.7574256000178632,1.1236447840159678,-0.3450917250280647,-0.06324555320336758
dactyl_36,dactyl,0.5984263899066877,-1.5349016749848075,1.0191235511721124,1.2864385040075625,0.1133025050659947,0.6091595957158233,-0.3450917250280647,-0.06324555320336758
dactyl_37,dactyl,0.40663144348828595,-1.471290259021017,1.3003007462740879,0.9381526172947999,0.18967533456820473,0.08252485740931059,-0.3450917250280647,-0.06324555320336758
dactyl_38,dactyl,0.6506594317007407,-1.3386045829660305,1.2251424507173303,-0.139599548390959,0.9687834548328953,0.09145132087973454,-0.3450917250280647,-0.06324555320336758
dactyl_39,dactyl,1.3414212004136346,-1.386095416467737,0.7739757287079736,-0.3216153503729497,0.8060176152703836,0.09845507779192145,-0.3450917250280647,-0.06324555320336758
dactyl_40,dactyl,0.8951196127948327,-1.6670476770222364,1.0028839914292103,0.8255726978198943,0.8497753226887091,0.11062179745272548,-0.3450917250280647,-0.06324555320336758
dactyl_41,dactyl,1.0268298827025872,-1.7696591890244904,0.7501020483198918,1.1801927983618625,1.0834352096055822,0.6220762568526399,-0.3450917250280647,-0.06324555320336758
dactyl_42,dactyl,1.7144513347348485,-1.6220456908322025,0.2499979139053188,1.0077066824334573,0.3045145229953103,-0.9537564018389884,-0.3450917250280647,-0.06324555320336758
dactyl_43,dactyl,1.1292592035466151,-1.7938640425459735,0.9736009932093502,1.1886307445550353,0.04677542371371098,0.6233175586712233,-0.3450917250280647,-0.06324555320336758
dactyl_44,dactyl,0.5321279512969973,-1.243628789836112,0.7714157266070497,0.5761457305505827,1.096263333862319,0.1001166829709675,-0.3450917250280647,-0.06324555320336758
dactyl_45,dactyl,0.827911145146847,-1.669921147657772,1.164149606642955,0.5835394785136532,0.7931720793847172,0.12177160937117207,4.7502965645122055,-0.06324555320336758
dactyl_46,dactyl,1.1201782989388052,-1.6064822008803121,0.7400528678704219,0.4851902182807447,1.2474067529641644,0.6128284126114919,-0.3450917250280647,-0.06324555320336758
dactyl_47,dactyl,0.46117699507222815,-0.44786349290632477,-0.18502467164963293,0.1387877233612554,1.3455577644630319,-0.4421694865795751,-0.3450917250280647,-0.06324555320336758
dactyl_48,dactyl,0.36471682975130754,-1.6208866895731726,1.3247052260316219,1.1477298546376642,0.6612009463632799,0.08413649233815716,-0.3450917250280647,-0.06324555320336758
dactyl_49,dactyl,1.0929566699628477,-1.5537771339953208,0.6783332959610142,0.7060489313419614,1.0331802620786856,-0.4226261742576875,-0.3450917250280647,-0.06324555320336758
dactyl_50,dactyl,1.3568178402581663,-1.4612224066295167,0.7614316543583477,-0.007777510706989838,0.5162514058437544,0.0690254080551183,2.077658032565604,-0.06324555320336758
iamb_1,iamb,-1.8875813385649074,1.353073864475724,0.5391913118254191,-1.3182184869940086,-0.5840709425781255,1.8199972596568745,-0.3450917250280647,-0.06324555320336758
iamb_2,iamb,-1.109609268793375,1.1322478573554542,-0.639017497085588,0.07326499268015652,-0.2415731358033961,0.1735495626135532,-0.3450917250280647,-0.06324555320336758
iamb_3,iamb,-1.6365749111620196,1.426041063728945,-0.05198951356775748,-1.2594313151257148,0.3539583116627177,0.1362642285504026,2.2369323122604103,-0.06324555320336758
iamb_4,iamb,-1.0097118558848306,0.8887601209753583,-0.1729662107764592,-0.20627693511641823,-0.6771343139407546,1.8280907467892094,-0.3450917250280647,-0.06324555320336758
iamb_5,iamb,-1.5007058797758464,0.6837577415243367,0.7256446480808294,-0.8005711073081034,-0.3373560119127001,4.129854413737093,-0.3450917250280647,-0.06324555320336758
iamb_6,iamb,-0.7867837937451868,1.0026516620833246,-0.18531812419534052,-0.819006936671624,-0.6470096539337769,0.7372025448398241,-0.3450917250280647,-0.06324555320336758
iamb_7,iamb,-1.3116858212718097,1.5060021527425633,-0.27443931709914826,-1.5231206408164166,-0.004063700925902109,1.2514980581557398,-0.3450917250280647,-0.06324555320336758
iamb_8,iamb,-1.2506146579884725,0.4027555403629962,0.6868575568102666,-0.4596462369155192,0.4225924613614538,0.7655183022122902,-0.3450917250280647,-0.06324555320336758
iamb_9,iamb,-0.8070176574286831,0.9337524190272547,-0.05564529182760593,-0.9836863625008588,-0.7502505563353317,2.4253075523681233,2.322999780170026,-0.06324555320336758
iamb_10,iamb,-1.1622091253948001,1.2184282418161492,-0.5573687091879401,-0.00717926935126288,-0.8675548955800769,1.2819726800903404,-0.3450917250280647,-0.06324555320336758
iamb_11,iamb,-0.8492772814283115,1.180445818094115,-0.31337381904366957,-1.6984880178023483,0.551412995245731,1.8502987702446443,-0.3450917250280647,-0.06324555320336758
iamb_12,iamb,-0.9845106916856272,1.115230175148002,0.16249896659573176,-1.4237513498706347,-0.35180545512672334,-0.9537564018389884,-0.3450917250280647,-0.06324555320336758
iamb_13,iamb,-1.242807813846819,0.46111482611112126,0.7973704156192528,-0.7260409426767497,0.197390196406268,0.7552452139251719,-0.3450917250280647,-0.06324555320336758
iamb_14,iamb,-1.7049567457229688,1.5100933475429572,0.4148193877824786,-1.5532940291588013,-0.6771343139407546,-0.9537564018389884,-0.3450917250280647,-0.06324555320336758
iamb_15,iamb,-1.7820533521033946,1.6790316856973326,-0.5483744658763885,-0.524636115674219,-0.27918704018221424,1.2698675247112978,-0.3450917250280647,-0.06324555320336758
iamb_16,iamb,-0.007021334717287314,0.9506617423206346,-0.7425727552792748,-1.2458978205183597,-0.13142540281030582,0.1380474933853954,-0.3450917250280647,-0.06324555320336758
iamb_17,iamb,-2.0162167562143813,1.544283371745385,0.4392078095164819,-1.6140049034083095,-0.16162431695161725,1.2838467195554948,-0.3450917250280647,-0.06324555320336758
iamb_18,iamb,-0.7123163217643722,0.8124764872913747,-0.20287196897978454,-0.9711109150245103,0.49138437911598287,0.7487056669260742,-0.3450917250280647,-0.06324555320336758
iamb_19,iamb,-1.5987387764421432,1.8761441414702182,-0.58366880700559,-1.0810046449292454,-0.5900266607139596,-0.4003856464858337,2.2765404753531437,-0.06324555320336758
iamb_20,iamb,-0.8121454493709832,1.009126756972011,-0.7684739501524264,-0.40535205840827004,0.4854936252750667,1.878862999501863,-0.3450917250280647,-0.06324555320336758
iamb_21,iamb,0.5554748085310208,0.5877079933630605,-0.7912018488361148,-1.1403451826412512,-0.3283847554497845,0.7465369254372015,2.3399939935789313,-0.06324555320336758
iamb_22,iamb,-2.2853354131581853,0.8047900188352527,1.3567335459052139,-0.9896334264971315,-0.09145016388398515,3.059607787758376,2.3711354516555585,-0.06324555320336758
iamb_23,iamb,-0.4463895853610444,0.19736684909013177,0.5108557859921197,-0.7068927366650388,-0.12090750540744956,0.7487056669260742,-0.3450917250280647,-0.06324555320336758
iamb_24,iamb,-1.3073529464767877,1.0916263006103777,0.3891180708044597,-1.8712474109600967,0.6446498948646154,0.7251495879871867,-0.3450917250280647,-0.06324555320336758
iamb_25,iamb,-1.7742325149440017,1.6687723656321347,-0.28967279897838766,-1.580680934593229,0.456337368890736,3.540284884059359,-0.3450917250280647,-0.06324555320336758
iamb_26,iamb,-0.041497469284917994,0.7320495498437674,-0.6819129257907389,-1.2285995280896485,0.7297393409826549,1.275438190080526,-0.3450917250280647,-0.06324555320336758
iamb_27,iamb,-0.6646592005451373,0.5997498840095542,0.5425554771127729,-1.7769539296339394,0.1798674554110785,1.878862999501863,-0.3450917250280647,-0.06324555320336758
iamb_28,iamb,-1.0970725991196255,0.8669471111104694,-0.22094701072353096,-0.2959240796243834,0.1812084902682315,1.3133013678625984,-0.3450917250280647,-0.06324555320336758
iamb_29,iamb,-0.6383735441379862,0.9063305846688162,0.17371805248780237,-1.5165422098489862,-0.7670446699799154,1.8409049505726722,-0.3450917250280647,-0.06324555320336758
iamb_30,iamb,-1.2860919812368,1.0934947141888836,0.02326925356137595,-0.7251907648753394,-0.3462667284754019,0.7350629932413268,-0.3450917250280647,-0.06324555320336758
iamb_31,iamb,-0.49104856835139116,1.2322220651368117,-0.9901982616785207,-1.1597659902340243,0.6145216659411389,0.7111877918139962,-0.3450917250280647,-0.06324555320336758
iamb_32,iamb,-2.317791980169567,1.6132323941708075,0.31082040983355147,-0.82534759783559275,-0.7633345609812516,2.405464055992746,-0.3450917250280647,-0.06324555320336758
iamb_33,iamb,-1.0964327187914065,1.2784686374438334,0.08261913300897752,-2.186514535478077,0.3893357316954107,1.8836803794361165,-0.3450917250280647,-0.06324555320336758
iamb_34,iamb,-2.0708951786280423,1.388193464238966,0.035667666427131775,-0.3487003985629376,0.07928984112462836,0.179772483011805,-0.3450917250280647,-0.06324555320336758
iamb_35,iamb,-1.2832981162583696,1.0123891026521001,0.5521122873688787,-1.2811568931709265,-0.9355596865180584,1.8860952192499674,-0.3450917250280647,-0.06324555320336758
iamb_36,iamb,-0.5866221726853883,1.2291256058482685,-0.6003562525449461,-1.1579301055705526,-0.23408191389837354,-0.4087460866442929,-0.3450917250280647,-0.06324555320336758
iamb_37,iamb,-0.3489609377653353,0.8922613115043937,-0.41460109635955494,-1.453572859740036,0.7943223350101872,-0.9537564018389884,-0.3450917250280647,-0.06324555320336758
iamb_38,iamb,-1.4267201614749723,1.7027521832658126,-0.26421015623875654,-1.379210279619336,-0.8989021441583449,0.698137486665726,-0.3450917250280647,-0.06324555320336758
iamb_39,iamb,-1.6274796864697436,1.8889530433854995,-0.5346225472957572,-1.5645855925703993,-0.19890002006138535,1.2542341058728548,4.885162094094744,-0.06324555320336758
iamb_40,iamb,-1.5791983517418064,1.5372623209675578,0.051589585568022324,-1.2493924987441514,-0.7511902522766425,0.17212319488122177,-0.3450917250280647,-0.06324555320336758
iamb_41,iamb,-2.005145328762243,1.5626420960280327,0.38964728304250446,-1.3289643074692674,-0.471811626362399,0.1613064736094737,-0.3450917250280647,-0.06324555320336758
iamb_42,iamb,-2.413446148910951,1.483757925016083,0.48879071099095484,-0.47348508486680674,-0.7408097975351274,0.7429346090658536,-0.3450917250280647,-0.06324555320336758
iamb_43,iamb,-2.3364831548576106,1.2206499935905206,0.8625371816903783,-0.7181346311328173,-0.4303034045933877,0.7465369254372015,-0.3450917250280647,-0.06324555320336758
iamb_44,iamb,0.09387372948235213,0.7432705163086645,-1.0136230381364852,-0.2920006064662501,-0.22529711585296217,0.1802540160979778,-0.3450917250280647,-0.06324555320336758
iamb_45,iamb,-2.2619942698285453,1.7864962226483603,-0.05755399289801012,-1.158678009219907,0.15460235870232217,1.8562020442911362,-0.3450917250280647,-0.06324555320336758
iamb_46,iamb,-0.5853221899303626,1.3658205295607326,-0.09210424921930782,-2.5043396707015666,-0.402752139554568,0.6988192422944938,-0.3450917250280647,-0.06324555320336758
iamb_47,iamb,-2.0696952894229947,0.9569044482382465,0.5962491854942216,-0.161468527563644,-0.030139966405669797,0.7422159767020653,-0.3450917250280647,-0.06324555320336758
iamb_48,iamb,-1.8533011224008862,0.9419616433337393,0.28077360793963946,-0.0762086351845014,0.3694090727316305,0.17450248396981052,-0.3450917250280647,-0.06324555320336758
iamb_49,iamb,-1.3453544640574622,1.126943752001748,-0.18261014781634102,-0.4859809959533801,-0.15095969438279644,1.2923189232124366,-0.3450917250280647,-0.06324555320336758
iamb_50,iamb,-0.698537734385961,0.6021281136059766,0.45257418278819583,-1.4820239935931871,0.027142345772655084,1.3514772111347753,2.3852091675969245,-0.06324555320336758
trochee_1,trochee,0.23501485947068118,0.08549862047518061,-1.1936967418432038,0.7753755123997425,1.1577505065375533,1.921268394955431,-0.3450917250280647,-0.06324555320336758
trochee_2,trochee,0.9779090456916233,-0.22973888853230726,-0.09747272605822911,-0.8005151225893252,-0.1680486581275435,-0.9537564018389884,3.020196655663513,-0.06324555320336758
trochee_3,trochee,-0.09137454672808039,1.0702494692997075,-1.074132554825237,-0.5385138225850464,-0.8542128302349228,1.1306739915683137,-0.3450917250280647,-0.06324555320336758
trochee_4,trochee,0.14074861606206499,0.7378984375331596,-0.09989705829352163,-2.129839667805113,-0.24372524575204252,1.1198794271280896,-0.3450917250280647,-0.06324555320336758
trochee_5,trochee,-0.7665314717180364,0.42091315305710186,-0.42221792074369763,0.2646651311921094,1.3974012713357316,-0.23808333915169116,-0.3450917250280647,-0.06324555320336758
trochee_6,trochee,1.0518797965662785,0.21356621430990758,-0.8479238441757858,-1.3958286297221922,0.8538498782564283,0.4669250903502709,-0.3450917250280647,-0.06324555320336758
trochee_7,trochee,-0.12889819366724498,0.5666515774574089,-0.9059405910405199,0.3096059981813677,0.04241314059547975,-0.25384540975099196,-0.3450917250280647,-0.06324555320336758
trochee_8,trochee,0.9751693882518204,-0.17449638751140178,-0.4072210749926737,-0.3919582831679689,-0.40158236820026244,0.4791263269981659,3.049098756624901,-0.06324555320336758
trochee_9,trochee,0.5641633630142173,-0.11357475645987491,-0.0717278070635675,-0.30082373788127825,-0.5589858369338518,0.46240302724515914,-0.3450917250280647,-0.06324555320336758
trochee_10,trochee,1.2413411280975724,0.050753199460074984,-1.2199872830800444,0.27347501169562705,-0.6753210525878703,-0.9537564018389884,3.025578246890632,-0.06324555320336758
trochee_11,trochee,0.3847090338309112,-0.19780051675482546,-0.36203671743910826,-0.29549777656349063,1.4162517652701168,1.2025121957568263,-0.3450917250280647,-0.06324555320336758
trochee_12,trochee,-0.7497533608624593,1.253934516700728,-0.9622783002698899,-0.8120820051595636,0.7916531741440531,-0.2549447463877793,-0.3450917250280647,-0.06324555320336758
trochee_13,trochee,0.15097113551471145,0.15889770988605664,-0.7479777454153487,0.1865020059921357,0.9794808884807612,-0.24379349656674945,-0.3450917250280647,-0.06324555320336758
trochee_14,trochee,-0.20616431201022561,0.6098661209501283,-0.1760241648774427,-1.9952222317520618,1.4130762401367056,1.837106665409959,2.960384943722314,-0.06324555320336758
trochee_15,trochee,-1.7696093922226679,0.9401848523194579,0.6085063778841658,-0.4950170425327331,-0.19618048032251817,-0.250526548355422,-0.3450917250280647,-0.06324555320336758
trochee_16,trochee,-0.5463391259927108,0.1375225979738126,0.32253236639055466,0.2332494870711147,-0.5408832323654424,-0.24037838905875908,3.034585916510938,-0.06324555320336758
trochee_17,trochee,0.8669529193796442,0.3535572994179761,-0.5263019364111181,-2.057288082092045,0.8538498782564283,0.4669250903502709,-0.3450917250280647,-0.06324555320336758
trochee_18,trochee,0.671153752273668,-0.11382112914727285,0.2611720425578809,-1.3687816648265605,-0.05431643887029635,0.4601527739150468,-0.3450917250280647,-0.06324555320336758
trochee_19,trochee,-0.6279614696953353,1.0786656543412718,-0.8145467496210813,-0.4819820295753888,-0.08648145567520808,1.1437767494105808,-0.3450917250280647,-0.06324555320336758
trochee_20,trochee,1.1440177638557474,0.24577038571076848,-1.7501423846062367,-0.05273080195552548,0.7340152432231348,1.8936681569062046,-0.3450917250280647,-0.06324555320336758
trochee_21,trochee,1.217468435493052,-0.5909244226223186,-0.6299721861615726,0.3631411404716566,0.7659660544240523,-0.9537564018389884,-0.3450917250280647,-0.06324555320336758
trochee_22,trochee,-0.1017970328398354,0.2035399276543482,-0.3981958489349393,0.03915012623752034,0.25299610097358044,1.921268394955431,-0.3450917250280647,-0.06324555320336758
trochee_23,trochee,-0.044756779973244475,0.9168703605548586,-0.8784748591619259,-1.1941918481417422,0.6413529062145457,-0.25966890214485977,-0.3450917250280647,-0.06324555320336758
trochee_24,trochee,0.30840974831536894,0.33675885859876664,-1.2932623419924463,0.7658291852301702,0.16827492283626896,0.4460655823370045,-0.3450917250280647,-0.06324555320336758
trochee_25,trochee,1.2643725528241792,-0.4328220856553731,-0.4880422944494586,-0.22180003617135707,0.23224961150868748,-0.9537564018389884,3.038202478995196,-0.06324555320336758
trochee_26,trochee,-0.09226160968629256,0.07412235803488418,0.319108030925041,-0.9190559903327931,0.7320364133316599,-0.9537564018389884,-0.3450917250280647,-0.06324555320336758
trochee_27,trochee,1.0359268771179888,-0.2529455651945342,0.12562659086222067,-2.063817510162649,1.1422182420643519,0.47835761308784547,3.047277838984529,-0.06324555320336758
trochee_28,trochee,0.06377499325992202,0.3174575754481554,-0.00555920049710298,-1.070997935064998,0.18820027094826755,-0.24941325571138462,-0.3450917250280647,-0.06324555320336758
trochee_29,trochee,0.20698216771582442,0.16829769648798942,-0.015831856192592725,-1.1043344321855795,0.6098327290851892,-0.2411401381380759,-0.3450917250280647,-0.06324555320336758
trochee_30,trochee,-0.802513694345619,-0.04887321341148381,0.10515790421861716,0.41394858837566567,1.662258333730967,1.1967220008116173,-0.3450917250280647,-0.06324555320336758
trochee_31,trochee,-0.5931568677369292,1.0387774713378866,-1.1329019289100357,-0.12298315096919542,0.8335633800487005,-0.9537564018389884,-0.3450917250280647,-0.06324555320336758
trochee_32,trochee,1.1815741322076319,-0.40055824587872385,0.014801729971499056,-1.2811007183339858,0.5907774855256104,-0.24492461112639727,-0.3450917250280647,-0.06324555320336758
trochee_33,trochee,-0.17490395524585342,0.37183869357158494,-0.28757325744261736,-0.5638957685160275,0.35710123109382985,1.899755649281929,-0.3450917250280647,-0.06324555320336758
trochee_34,trochee,2.469350574009547,0.15020912342071577,-2.739815228429371,-0.07577064913812546,0.023524035183625912,3.219449211225553,-0.3450917250280647,-0.06324555320336758
trochee_35,trochee,-0.7497533608624593,0.9784965597184657,-0.7161879597912003,-0.42164777133664655,0.6659890805664692,-0.2549447463877793,-0.3450917250280647,-0.06324555320336758
trochee_36,trochee,0.4002221248111718,-0.85125037452001,0.7173261941043629,0.3108162336779468,-0.09437820110805457,0.5041685155960843,3.108418306276946,-0.06324555320336758
trochee_37,trochee,-0.0948217545581283,0.7030586027362059,-0.9622783002698899,-0.7470096328557427,1.4199736420319728,-0.2549447463877793,-0.3450917250280647,-0.06324555320336758
trochee_38,trochee,-1.2251069460833424,-0.12720419949347753,1.1315686980580075,0.424642920077007,-0.2683842603894375,1.9166312581864078,-0.3450917250280647,-0.06324555320336758
trochee_39,trochee,-1.1428284472702872,0.43873095341590734,0.7164093794240287,-0.7390486511377222,0.4688034018144093,-0.24379349656674945,-0.3450917250280647,-0.06324555320336758
trochee_40,trochee,1.4356769193152794,-0.15190394460241355,-1.2340147510829638,-0.5973223866616533,1.494917084421161,-0.24303741253557556,-0.3450917250280647,-0.06324555320336758
trochee_41,trochee,1.6510076358368972,-0.6786391882647601,-0.06650424990913383,-1.241511435090433,0.8335633800487005,-0.9537564018389884,-0.3450917250280647,-0.06324555320336758
trochee_42,trochee,0.2759685620694923,0.823621866552754,-0.8930540660557079,-1.3313192851921019,0.2384720611788123,0.4222541774515366,-0.3450917250280647,-0.06324555320336758
trochee_43,trochee,0.3664933323379774,0.11104711548606856,0.2055044334302265,-1.1624239290052585,-0.4330053836268869,0.4616521473782007,-0.3450917250280647,-0.06324555320336758
trochee_44,trochee,-0.0015610258241517108,0.3236065751566962,-0.008076882338611148,-0.37369970753383225,-0.8307364129391758,-0.9537564018389884,-0.3450917250280647,-0.06324555320336758
trochee_45,trochee,-0.0024207319925194436,-0.4325589497826269,0.7451048953162324,-0.5686863049077772,0.4835344831605543,1.8982313372888093,-0.3450917250280647,-0.06324555320336758
trochee_46,trochee,1.0646367843508089,-0.04199861601705828,-0.8186472688522286,-0.8914215820861449,1.128997425352327,-0.23999690349042732,3.036393230757751,-0.06324555320336758
trochee_47,trochee,-0.30356134532617096,0.40835856640516743,-1.0194859741252753,0.7263009477397866,0.8558904104776424,0.4676815767678373,3.021988609007865,-0.06324555320336758
trochee_48,trochee,0.04042022126098572,0.9479003038309998,-1.2557429518709087,-1.1898538730919341,1.3925132261617417,0.43514085301200983,-0.3450917250280647,-0.06324555320336758
trochee_49,trochee,0.8801912271930038,0.46320591334684824,-1.25961043541863,-0.7523265636449332,0.3113871338501767,0.45344471773065764,-0.3450917250280647,-0.06324555320336758
trochee_50,trochee,1.9050381018126974,0.21674945564220618,-1.0789372294668118,-1.974140905146218,-0.4027015220966528,1.7743585944038514,-0.3450917250280647,-0.06324555320336758
