sample_id,class_label,1,2,3,4,5,6,7,8
amphibrach_2_1,amphibrach_2,-1.4174055797957847,0.10231170305315582,1.4541937939694631,1.017003287159348,-0.6964204782050588,-0.9378204091931112,-0.34632678713475346,-0.04714045207910316
amphibrach_2_2,amphibrach_2,-1.728377933368189,-0.24164847382462346,3.026326107652144,-0.2180368111281387,-0.35420939914890526,0.6589394646383695,-0.34632678713475346,-0.04714045207910316
amphibrach_2_3,amphibrach_2,-1.0656842300741545,-0.6991900577480844,1.8396400900386318,1.084090371452254,-0.5196967408845862,-0.9378204091931112,-0.34632678713475346,-0.04714045207910316
amphibrach_2_4,amphibrach_2,-1.6498344394465416,0.7406353324346577,0.4302265677833699,2.0612558034609183,-1.4717374135608419,-0.14001484633270583,-0.34632678713475346,-0.04714045207910316
amphibrach_2_5,amphibrach_2,-1.6970146699267985,0.015464630838746865,1.6878945272422394,1.6423402283522435,-1.302146983180142,-0.9378204091931112,-0.34632678713475346,-0.04714045207910316
amphibrach_2_6,amphibrach_2,-1.433153927587251,-0.585419239829123,1.8188473022509377,1.4928388555556356,-0.046123775604688395,-0.9378204091931112,-0.34632678713475346,-0.04714045207910316
amphibrach_2_7,amphibrach_2,-0.897922113037271,-0.47439482289214524,1.2151223647777285,0.883129962945984,0.24315844743862938,-0.15077304767716834,-0.34632678713475346,-0.04714045207910316
amphibrach_2_8,amphibrach_2,-1.1671712262494915,-0.04504445109140911,1.6534699496110865,0.3588459170112556,-0.5402734760993168,-0.14965428810145276,-0.34632678713475346,-0.04714045207910316
amphibrach_2_9,amphibrach_2,-1.9027805339218231,-0.08819155212683485,2.798405901936062,0.7337383620237445,-1.462835939028249,-0.9378204091931112,-0.34632678713475346,-0.04714045207910316
amphibrach_2_10,amphibrach_2,-0.9454494872311933,-0.531075021324929,1.2789371955049675,1.405927732350777,-1.0172116412014294,0.6340431377607704,-0.34632678713475346,-0.04714045207910316
amphibrach_3_1,amphibrach_3,-1.8349063773956875,0.44916497970516234,1.2435713329870708,1.6593765133459029,-0.938922989231817,-0.9378204091931112,-0.34632678713475346,-0.04714045207910316
amphibrach_3_2,amphibrach_3,-0.8181402025735349,-0.2196294598061679,1.1519746668455575,1.0042725213224548,-1.411263470090512,-0.402613009397762,-0.34632678713475346,-0.04714045207910316
amphibrach_3_3,amphibrach_3,-1.234919316654698,0.34341439742269025,1.1498402500047875,0.7926579369733736,-1.1831384390878579,-0.3971330701507107,-0.34632678713475346,-0.04714045207910316
amphibrach_3_4,amphibrach_3,-0.9655277880340721,1.4258304711890368,-0.28562775834843696,0.34608563022397704,-1.1026126837689456,-0.40696845496814066,-0.34632678713475346,-0.04714045207910316
amphibrach_3_5,amphibrach_3,-0.7858653917347191,-0.5026324075155955,1.6128231152318429,0.7791611290874175,-1.3012141009981502,-0.9378204091931112,-0.34632678713475346,-0.04714045207910316
amphibrach_3_6,amphibrach_3,-1.2690023507447163,0.5641393354197398,1.115070985118504,0.5705794059725532,-1.302457643317113,-0.40183697160202203,-0.34632678713475346,-0.04714045207910316
amphibrach_3_7,amphibrach_3,-1.310104741880203,0.5910755043500008,1.0409416312276119,0.792638195400864,-1.406131353542344,-0.9378204091931112,-0.34632678713475346,-0.04714045207910316
amphibrach_3_8,amphibrach_3,-1.1640133782981077,0.7085746364917612,0.6467205080013846,0.5237347759867695,-0.5547222068958281,-0.9378204091931112,-0.34632678713475346,-0.04714045207910316
amphibrach_3_9,amphibrach_3,-0.5334298646161928,0.9358222515923453,-0.3646464647413034,0.4333089254773105,-1.1187850591299822,-0.41274951318176484,-0.34632678713475346,-0.04714045207910316
amphibrach_3_10,amphibrach_3,-1.1992943291882991,0.630913787049247,0.9685054825337951,0.43463303471903314,-1.0824373870714736,-0.3997564924653269,-0.34632678713475346,-0.04714045207910316
amphibrach_3_11,amphibrach_3,-1.490619114874897,0.4345976160335653,1.4737731950344966,0.8231535148542547,-1.4009542622629847,-0.9378204091931112,-0.34632678713475346,-0.04714045207910316
amphibrach_3_12,amphibrach_3,-0.47968912097052213,-0.3285941610816293,0.9572527886516156,0.374287309584877,-0.3504511913085894,-0.4046714993969749,-0.34632678713475346,-0.04714045207910316
amphibrach_3_13,amphibrach_3,-1.2214640303387436,-0.4311190736143368,2.1764387706715147,0.8299710483210445,-1.615772357532807,-0.3973965630059945,-0.34632678713475346,-0.04714045207910316
amphibrach_3_14,amphibrach_3,-1.0201185715416798,0.2551289265232808,1.0032460714609293,0.7993376927813411,-1.3049375294466794,-0.9378204091931112,-0.34632678713475346,-0.04714045207910316
amphibrach_3_15,amphibrach_3,-0.9163461140475906,-0.24188058899364068,1.9975718357112509,0.08610885066390181,-1.5166578077584267,-0.40183697160202203,-0.34632678713475346,-0.04714045207910316
amphibrach_3_16,amphibrach_3,-0.8688218635498947,0.5381515131752664,0.5792464266670293,0.3955026784508978,-0.7817951630679837,-0.9378204091931112,-0.34632678713475346,-0.04714045207910316
amphibrach_3_17,amphibrach_3,-1.3670293160510156,0.2819705763756243,1.3289680834926978,0.7145616917392832,-0.6419897216422118,-0.39686932022922655,-0.34632678713475346,-0.04714045207910316
amphibrach_3_18,amphibrach_3,-1.3773676985020709,0.7023925100154288,0.8738972440908144,0.768969862963013,-0.864898123729511,-0.9378204091931112,-0.34632678713475346,-0.04714045207910316
amphibrach_3_19,amphibrach_3,-1.0275506838506971,0.5263773353688194,0.6090660205885196,0.9777603526228004,-1.516139915678056,-0.9378204091931112,-0.34632678713475346,-0.04714045207910316
amphibrach_3_20,amphibrach_3,-0.7396220069828123,-0.24410814302646097,1.367184729001553,0.5815759705500589,-1.308023961353605,-0.9378204091931112,-0.34632678713475346,-0.04714045207910316
amphibrach_3_21,amphibrach_3,-0.8949678808888881,0.6918162507840431,0.5071666316252444,0.3216412007695717,-0.8863912970318731,-0.9378204091931112,-0.34632678713475346,-0.04714045207910316
amphibrach_3_22,amphibrach_3,-0.49238098941202657,-0.48078019114292014,1.0118684647387253,0.9502096929900622,-1.200052217879731,-0.9378204091931112,-0.34632678713475346,-0.04714045207910316
amphibrach_3_23,amphibrach_3,-0.9478423739933372,0.7043432276297581,0.43812195797364817,0.6250444395135112,-1.2007202999269555,-0.9378204091931112,-0.34632678713475346,-0.04714045207910316
amphibrach_3_24,amphibrach_3,-0.5126924676429045,-0.14006928737541588,1.3281975037266152,-0.09084974297374106,-1.2080269673744741,-0.9378204091931112,2.636219604482262,-0.04714045207910316
amphibrach_3_25,amphibrach_3,-1.185921573352766,0.48389473022492174,0.9618945053881052,0.877034834831711,-1.5130220144725655,-0.9378204091931112,-0.34632678713475346,-0.04714045207910316
amphibrach_3_26,amphibrach_3,-0.642057929949824,-0.3339971517837412,1.0011999076226645,0.8935597761783212,-0.9811573966551417,-0.40183697160202203,-0.34632678713475346,-0.04714045207910316
amphibrach_3_27,amphibrach_3,-0.7260210273742117,0.6545622555797476,0.41614238374093077,0.2108511498061725,-1.2119800666942175,0.12134838963779938,-0.34632678713475346,-0.04714045207910316
amphibrach_3_28,amphibrach_3,-1.2591873043125095,1.0033715174699156,0.015299360202731213,1.3372065857144864,-1.2955882502883824,-0.39897214273248754,-0.34632678713475346,-0.04714045207910316
amphibrach_3_29,amphibrach_3,-0.9713778604918873,0.7311198606111602,0.8726528993315549,-0.02555702147663722,-1.1054508031118908,-0.9378204091931112,-0.34632678713475346,-0.04714045207910316
amphibrach_3_30,amphibrach_3,-1.1072874798376924,0.2990361769633123,1.2189742015629355,0.43142921859061906,-0.8682400451771064,-0.9378204091931112,-0.34632678713475346,-0.04714045207910316
amphibrach_4_1,amphibrach_4,0.08649288688700944,-0.1991192497170615,0.6808305187803557,-0.012958499825125912,-1.9531845566234387,-0.5409164248065816,-0.34632678713475346,-0.04714045207910316
amphibrach_4_2,amphibrach_4,-0.4015958130000112,0.4221758261520951,0.8899613335313,-0.3933404596419993,-1.8728519521761604,-0.9378204091931112,-0.34632678713475346,-0.04714045207910316
amphibrach_4_3,amphibrach_4,-0.06867622321694417,0.317399718869039,-0.0028184063027754196,0.04238636492610352,-1.0026080568996223,-0.9378204091931112,-0.34632678713475346,-0.04714045207910316
amphibrach_4_4,amphibrach_4,-0.919221416778611,0.5220310632266323,1.085680553153763,-0.026981326303631786,-1.2158337239390795,-0.9378204091931112,-0.34632678713475346,-0.04714045207910316
amphibrach_4_5,amphibrach_4,-0.7023432275551937,0.5247357677380081,0.28823929510622537,0.867306670137183,-1.7862478881402617,-0.9378204091931112,-0.34632678713475346,-0.04714045207910316
amphibrach_4_6,amphibrach_4,-0.8688922706031394,0.7629909590079369,0.8452150973899151,-0.17920899149154285,-1.4636510279347248,-0.5360270278974723,1.9100343960885542,-0.04714045207910316
amphibrach_4_7,amphibrach_4,-0.35210318281893205,0.1750379801307285,0.9387141778673043,-0.3425081747971156,-1.3123200969316768,-0.9378204091931112,-0.34632678713475346,-0.04714045207910316
amphibrach_4_8,amphibrach_4,-0.37601307126957095,0.6455294288575727,0.1944832125319206,0.026975286846508816,-1.5499529702067074,-0.9378204091931112,-0.34632678713475346,-0.04714045207910316
amphibrach_4_9,amphibrach_4,-0.23402262789908265,1.1759849069093573,-0.7909086349681452,0.146069931700586,-1.5599487079211112,-0.1465612351824345,-0.34632678713475346,-0.04714045207910316
amphibrach_4_10,amphibrach_4,-0.2658547488001118,0.274536950448675,0.5991602876508042,-0.21156810939845988,-1.3164355672785035,-0.9378204091931112,-0.34632678713475346,-0.04714045207910316
amphibrach_4_11,amphibrach_4,0.21941729208416141,-0.31407472599830294,0.9790616958218586,-0.7460093836385386,-1.243250638549162,-0.9378204091931112,-0.34632678713475346,-0.04714045207910316
amphibrach_4_12,amphibrach_4,-0.6632436534968857,0.4668524557919099,0.8159123978470335,0.07958443700329174,-1.6263134233943273,-0.9378204091931112,-0.34632678713475346,-0.04714045207910316
amphibrach_4_13,amphibrach_4,0.023409330200081607,0.45684726428366856,-0.13011834889438192,0.030117937463044284,-1.643047318641916,-0.9378204091931112,-0.34632678713475346,-0.04714045207910316
amphibrach_4_14,amphibrach_4,0.30830809724423,-0.2927249978503837,0.4371632315033767,0.18978440010361738,-2.272227925175617,-0.9378204091931112,-0.34632678713475346,-0.04714045207910316
amphibrach_4_15,amphibrach_4,-0.502985600974558,0.732779813652659,0.2844747312722421,-0.17086008611978262,-1.0753700767407697,-0.9378204091931112,-0.34632678713475346,-0.04714045207910316
amphibrach_4_16,amphibrach_4,-0.521209732812375,0.3264331797354973,0.5133151886237719,0.5217312598804286,-1.8645583286485161,-0.9378204091931112,1.911670626098143,-0.04714045207910316
amphibrach_4_17,amphibrach_4,0.011118562621243626,0.34187447855217995,0.015034171975348178,-0.009527754858093361,-1.4820773820663686,-0.9378204091931112,-0.34632678713475346,-0.04714045207910316
amphibrach_4_18,amphibrach_4,-0.6388220969142353,0.7189680684866233,0.47045656873778763,0.01694879668959066,-1.4664945599962398,-0.9378204091931112,-0.34632678713475346,-0.04714045207910316
amphibrach_4_19,amphibrach_4,-0.39005654492612024,0.3561454574519855,0.6901304334670662,-0.11037573285342463,-1.627701647519339,-0.9378204091931112,-0.34632678713475346,-0.04714045207910316
amphibrach_4_20,amphibrach_4,-0.5023552849571327,0.4298276046632873,0.7229921614680593,-0.17501646758191403,-1.3086394662447118,-0.9378204091931112,-0.34632678713475346,-0.04714045207910316
amphibrach_4_21,amphibrach_4,-0.20913605825033132,0.03281475438731047,1.2090716002886288,-0.5889841881503077,-1.7956998375613538,-0.9378204091931112,-0.34632678713475346,-0.04714045207910316
amphibrach_4_22,amphibrach_4,-0.32895087535302175,0.5758767684204142,0.46774043865873877,-0.24364368859456775,-1.793428987977401,-0.9378204091931112,-0.34632678713475346,-0.04714045207910316
amphibrach_4_23,amphibrach_4,-0.9090008902085039,1.1381427608638013,0.25179364279028116,0.11595517305609782,-1.5401419348780836,-0.1313115129196833,-0.34632678713475346,-0.04714045207910316
amphibrach_4_24,amphibrach_4,-0.2926257849150312,-0.2862019196828867,1.5355433290150822,-0.4441541669127364,-1.4681129852145274,-0.9378204091931112,-0.34632678713475346,-0.04714045207910316
amphibrach_4_25,amphibrach_4,-0.19022552275366914,-0.2862019196828867,0.9403809993968114,0.15873863889359094,-1.3881454391609225,-0.9378204091931112,-0.34632678713475346,-0.04714045207910316
amphibrach_4_26,amphibrach_4,0.2980173041428178,-0.3382393619122323,0.8467632711362659,-0.4979578474309077,-1.7208411437416922,-0.9378204091931112,-0.34632678713475346,-0.04714045207910316
amphibrach_4_27,amphibrach_4,-0.5366379370034404,0.7485134895993145,0.3642233129201694,-0.1234764390981361,-1.390305945628509,-0.9378204091931112,-0.34632678713475346,-0.04714045207910316
amphibrach_4_28,amphibrach_4,0.06180406178419268,0.010657495028825986,0.5659566296548446,-0.55511576843918,-0.8441029995930848,-0.9378204091931112,-0.34632678713475346,-0.04714045207910316
amphibrach_4_29,amphibrach_4,-0.06929777989195106,0.19708823688526575,0.593863657738034,-0.2328616703583542,-1.954317950823763,-0.9378204091931112,-0.34632678713475346,-0.04714045207910316
amphibrach_4_30,amphibrach_4,0.43067141788262703,0.6287365971879645,-0.29580636065963345,-0.8981532680971007,-1.582890261813964,-0.9378204091931112,-0.34632678713475346,-0.04714045207910316
anapest_2_1,anapest_2,1.163391257566443,1.2869301566811444,-2.119976615031395,-1.2043917517101452,-0.9741387019465062,-0.9378204091931112,-0.34632678713475346,-0.04714045207910316
anapest_2_2,anapest_2,0.5953954554240111,2.49532318131457,-2.3175109169721293,-1.972328581436425,-0.7086392589149959,-0.9378204091931112,-0.34632678713475346,-0.04714045207910316
anapest_2_3,anapest_2,0.9214342597176283,2.035896917191982,-2.308876693660639,-1.545005214913947,-1.520397605933501,-0.9378204091931112,-0.34632678713475346,-0.04714045207910316
anapest_2_4,anapest_2,1.6654354128141284,1.5072860712679679,-3.5638370401663373,-0.669607195191809,-0.730017323615565,-0.9378204091931112,-0.34632678713475346,-0.04714045207910316
anapest_2_5,anapest_2,1.0156892022152657,1.839223537796618,-1.9967165833946776,-2.3006963912317095,-0.4258042873841248,-0.26163154798825544,-0.34632678713475346,-0.04714045207910316
anapest_2_6,anapest_2,1.4245458109115872,1.5946310283649565,-2.669497993928654,-1.648307397282234,-0.5877482498698761,-0.9378204091931112,-0.34632678713475346,-0.04714045207910316
anapest_2_7,anapest_2,1.6571513172992818,0.8453119524206103,-2.120403108813073,-1.4867342498891565,-0.868881236475133,-0.9378204091931112,-0.34632678713475346,-0.04714045207910316
anapest_2_8,anapest_2,1.1286599816503429,2.076884168590327,-2.546003840688388,-1.9574694241538089,-0.8575259503920167,-0.9378204091931112,-0.34632678713475346,-0.04714045207910316
anapest_2_9,anapest_2,1.47332544413303,1.4799564384656065,-3.059328296685541,-1.145715350083277,-0.18776617385085193,-0.9378204091931112,-0.34632678713475346,-0.04714045207910316
anapest_2_10,anapest_2,1.725460076004561,1.6370449177797834,-3.121489228063474,-1.5946057812801537,-0.8719523098405109,-0.9378204091931112,-0.34632678713475346,-0.04714045207910316
anapest_3_1,anapest_3,-0.5365295832588464,-0.6452775533464933,-0.3743239396748379,1.922575094675996,2.345162660232083,-0.9378204091931112,2.371943341933919,-0.04714045207910316
anapest_3_2,anapest_3,-0.9578411700674102,-0.38570122163324766,-0.24563075374764526,2.1373256230193483,2.4839450874452362,-0.9378204091931112,-0.34632678713475346,-0.04714045207910316
anapest_3_3,anapest_3,-0.00488832832343352,-0.18197151859548535,-1.088801763787023,1.3962331809349788,1.4652435456731119,-0.9378204091931112,-0.34632678713475346,-0.04714045207910316
anapest_3_4,anapest_3,-0.997933713067281,-0.26900693877231974,-0.19680416612381302,1.9544979247595808,2.3646172577832543,-0.4518652241028555,-0.34632678713475346,-0.04714045207910316
anapest_3_5,anapest_3,-0.37940276881803275,-0.7080486427841667,0.014543268519215596,1.3530094940159654,1.9228365174509199,-0.9378204091931112,-0.34632678713475346,-0.04714045207910316
anapest_3_6,anapest_3,-0.3185974668824435,-0.9501396518502372,-0.35935586120544566,2.1705154199606747,1.9543096628319299,-0.9378204091931112,-0.34632678713475346,-0.04714045207910316
anapest_3_7,anapest_3,-0.8423715767830041,0.1756264224526696,-0.6837060356632145,1.742190347980927,1.9385183780242916,-0.9378204091931112,-0.34632678713475346,-0.04714045207910316
anapest_3_8,anapest_3,-0.5898409557722066,-0.024225171392423226,-0.5504544280415521,1.2735005431948339,2.0368297898166956,-0.45566835163834446,2.3613066327332155,-0.04714045207910316
anapest_3_9,anapest_3,-0.46173351505557253,0.10175519283213617,-1.4891640018852295,2.3474948545451877,1.6258085632241703,-0.9378204091931112,-0.34632678713475346,-0.04714045207910316
anapest_3_10,anapest_3,-1.2250988261662743,-0.5444323218909043,0.3208075672430864,2.4413175969121603,1.7456582967193293,-0.9378204091931112,-0.34632678713475346,-0.04714045207910316
anapest_3_11,anapest_3,-1.52458590417101,-0.13557022190151186,0.30927636212841486,2.359484780159539,1.6434128686696365,-0.9378204091931112,2.4190181798707213,-0.04714045207910316
anapest_3_12,anapest_3,-1.0032331784890094,-0.2559640267430465,0.03903662453419615,2.1229797516340354,1.0958158513790524,-0.9378204091931112,-0.34632678713475346,-0.04714045207910316
anapest_3_13,anapest_3,-0.5200146023615896,0.28110601668263846,-1.4030706734751301,1.9935719647997596,1.6294534310383484,-0.45817087096821346,-0.34632678713475346,-0.04714045207910316
anapest_3_14,anapest_3,-1.194894196781708,-1.0558665683652864,0.03743930563632435,2.796855094561265,3.982397357258544,-0.43963993642762894,-0.34632678713475346,-0.04714045207910316
anapest_3_15,anapest_3,-0.7732048181491521,-0.5678688467725734,-0.5574385958085142,2.559295219729114,2.0835417940569143,0.5232464318819394,-0.34632678713475346,-0.04714045207910316
anapest_3_16,anapest_3,-0.7545647453318499,-0.5693459386768799,0.24586749782374512,1.8356738135623016,1.0813708534129973,-0.9378204091931112,2.3672056162187665,-0.04714045207910316
anapest_3_17,anapest_3,-1.0558953418304644,-0.11090926806730342,-0.003342979172208387,1.7471860298490691,1.7686337051832224,-0.4533513255863119,-0.34632678713475346,-0.04714045207910316
anapest_3_18,anapest_3,-0.14706575999794624,-0.8041812388951464,-0.410540979993522,1.975951749463392,0.8552600252458009,0.01940853545597246,-0.34632678713475346,-0.04714045207910316
anapest_3_19,anapest_3,-0.8444140850916539,-0.4423160349064891,0.16684546891358737,1.6788651987070684,1.6942750920550882,-0.45079812883476095,-0.34632678713475346,-0.04714045207910316
anapest_3_20,anapest_3,-1.7213489023452246,0.08680338655502547,0.2620537029853167,2.3602788960283423,1.859956515063671,-0.443195194038801,-0.34632678713475346,-0.04714045207910316
anapest_3_21,anapest_3,-0.3250545513137924,-0.811513452298511,-0.1500034713970829,1.6105108145470344,2.0428696092591614,-0.9378204091931112,-0.34632678713475346,-0.04714045207910316
anapest_3_22,anapest_3,-0.9912617917893274,-0.17979152841605275,-0.018025900907805946,1.7175869242344546,1.9662256268707492,-0.9378204091931112,-0.34632678713475346,-0.04714045207910316
anapest_3_23,anapest_3,-0.5188360541418587,-1.2276102372788484,0.2169880381508343,2.5059416472344718,1.2812208133268306,-0.9378204091931112,-0.34632678713475346,-0.04714045207910316
anapest_3_24,anapest_3,-1.0637936440918678,0.15714628215298662,-0.6920325224852837,2.0054352966787183,2.567860999565551,-0.9378204091931112,-0.34632678713475346,-0.04714045207910316
anapest_3_25,anapest_3,-0.9558128410179946,-0.5339690385839823,0.5228119266082292,1.4253934891860363,2.160007935672271,-0.9378204091931112,-0.34632678713475346,-0.04714045207910316
anapest_3_26,anapest_3,-1.2397367811021438,-0.6214810184466403,0.06323774205315008,2.9272547009851295,1.86392760001459,-0.9378204091931112,-0.34632678713475346,-0.04714045207910316
anapest_3_27,anapest_3,-0.4320695620709812,-0.7286841092645405,0.0655608647381182,1.6785951086544235,1.0591246807117023,0.02272504977264313,-0.34632678713475346,-0.04714045207910316
anapest_3_28,anapest_3,-0.6250895429087449,-0.7285764459611629,0.14097818088779834,1.7093134036007471,1.940486281071243,-0.9378204091931112,-0.34632678713475346,-0.04714045207910316
anapest_3_29,anapest_3,-0.2584795657616112,-1.6107645458623256,0.03903662453419615,3.0730238261555285,0.8050152344308383,-0.9378204091931112,-0.34632678713475346,-0.04714045207910316
anapest_3_30,anapest_3,-0.5669453478134286,0.05951589892684136,-0.38512025714728854,0.9304648486910424,1.9072629476713223,-0.4592059368685693,-0.34632678713475346,-0.04714045207910316
anapest_4_1,anapest_4,0.8318139727411964,0.9375846584910835,-1.6279670014502117,-0.7021961963411565,-0.7201248137646648,-0.9378204091931112,-0.34632678713475346,-0.04714045207910316
anapest_4_2,anapest_4,1.1006305561293597,1.1621424248592347,-2.313763470068384,-0.9928873282784156,0.11726352369786767,-0.9378204091931112,-0.34632678713475346,-0.04714045207910316
anapest_4_3,anapest_4,0.9362008645703,1.5659439563094792,-2.3861444769504794,-1.0717477544479546,-0.38030253306566497,-0.9378204091931112,-0.34632678713475346,-0.04714045207910316
anapest_4_4,anapest_4,1.0485237648179921,1.376047518172316,-2.359164412782001,-0.8991054618806229,-0.6706666744723461,-0.9378204091931112,-0.34632678713475346,-0.04714045207910316
anapest_4_5,anapest_4,1.3619153617849409,1.4105040932505502,-2.6847440106146925,-1.1629680339369974,-0.6895203390092345,-0.5859962555205339,-0.34632678713475346,-0.04714045207910316
anapest_4_6,anapest_4,1.1232584610576257,1.0056874829007925,-1.7860311088384728,-1.5116938873061914,0.11206008255584231,-0.9378204091931112,-0.34632678713475346,-0.04714045207910316
anapest_4_7,anapest_4,0.9702354008264581,1.3307686748912375,-2.438852678217595,-0.710524052788875,-0.3039606448876182,-0.5806707369303209,-0.34632678713475346,-0.04714045207910316
anapest_4_8,anapest_4,0.6486290548949738,1.5207612337439025,-1.7903932126588893,-1.2469785802115718,-0.37461347096025444,-0.9378204091931112,-0.34632678713475346,-0.04714045207910316
anapest_4_9,anapest_4,0.5809646085395793,1.7691495630903418,-2.38256507972918,-0.8968606738633266,0.13916218102998285,-0.9378204091931112,-0.34632678713475346,-0.04714045207910316
anapest_4_10,anapest_4,0.5928854159088444,1.859187644531977,-2.3544326511516975,-0.9830517835941677,-0.29361714058768823,-0.5790531065803762,-0.34632678713475346,-0.04714045207910316
dactyl_3_1,dactyl_3,-1.5068400304643579,2.4771958077939065,-0.1926845571647282,-0.91128153523347,-0.18168609886250625,0.26625096146482957,-0.34632678713475346,-0.04714045207910316
dactyl_3_2,dactyl_3,-2.161568422104351,2.1667326409448577,0.3964965138254749,-0.29114171062757727,0.7288224637670231,1.521048177006364,-0.34632678713475346,-0.04714045207910316
dactyl_3_3,dactyl_3,-1.2277772682731583,1.4585521742630165,0.5355981863859504,-0.7781659408511803,0.057475142427768466,-0.3361113845724039,-0.34632678713475346,-0.04714045207910316
dactyl_3_4,dactyl_3,-2.360950789232113,2.50466623542454,0.04886086022041867,0.20758396638116516,0.35543029241958857,0.9032693512539781,-0.34632678713475346,-0.04714045207910316
dactyl_3_5,dactyl_3,-1.927960077633285,1.7501655842666493,-0.07455390671578842,0.9048935973088804,0.4797565155851054,-0.9378204091931112,-0.34632678713475346,-0.04714045207910316
dactyl_3_6,dactyl_3,-1.8661496878040285,2.027590613251428,0.5729476781228632,-0.618214620105558,0.3344082286882699,-0.3285073694260983,-0.34632678713475346,-0.04714045207910316
dactyl_3_7,dactyl_3,-1.074509028899616,2.1095448662717087,-0.8833664249334602,-0.3607976833273401,0.06178786053493078,1.4729398785807222,-0.34632678713475346,-0.04714045207910316
dactyl_3_8,dactyl_3,-1.8080305761180484,2.0219168765377793,-0.028055582449043586,0.26087889422271615,-0.14992408525059195,0.28214629309067685,-0.34632678713475346,-0.04714045207910316
dactyl_3_9,dactyl_3,-1.593327155960123,2.6268888002069035,-0.46835417948555186,-0.5576417937184485,-0.3057012683518539,0.26429312183774345,-0.34632678713475346,-0.04714045207910316
dactyl_3_10,dactyl_3,-1.5069605476982557,2.305475323584417,-0.8575614677221917,0.41567794967041716,-0.4033096365029436,0.27680142254397905,-0.34632678713475346,-0.04714045207910316
dactyl_4_1,dactyl_4,-2.3857628431648066,1.5665037334137497,1.345786872547798,-0.09727885853388886,1.062479126039871,-0.4922801390541142,-0.34632678713475346,-0.04714045207910316
dactyl_4_2,dactyl_4,-1.6979043670118321,0.9895410327968859,-0.06707269484650669,1.2134048829337643,1.6482327939688506,0.3870896653301425,-0.34632678713475346,-0.04714045207910316
dactyl_4_3,dactyl_4,-1.2481683716265826,0.8421131074050039,0.00806500402311417,0.778232494622081,0.9240698979991776,-0.4984583916115092,-0.34632678713475346,-0.04714045207910316
dactyl_4_4,dactyl_4,-2.2477648053550743,1.803026074783405,0.878211403789944,0.007171724998857666,0.6019625312198965,-0.05101534531789055,-0.34632678713475346,-0.04714045207910316
dactyl_4_5,dactyl_4,-1.5955620573111402,0.5922501967918107,0.23943340932075927,1.3217157224848355,1.4057547281264222,0.8386309041844833,-0.34632678713475346,-0.04714045207910316
dactyl_4_6,dactyl_4,-2.2652174155077,1.1954021509182722,1.3354948291474316,0.2771848993067535,1.0846101148596252,-0.04133719789483847,-0.34632678713475346,-0.04714045207910316
dactyl_4_7,dactyl_4,-2.5068892152750677,2.3706156780988636,0.13687094509862024,0.5603972361219407,0.3443671574366872,1.7300618659695912,-0.34632678713475346,-0.04714045207910316
dactyl_4_8,dactyl_4,-1.4078676247956823,0.7270839478739353,0.2494119688012091,0.9683136915024593,0.8322118625031616,-0.060139576287718696,-0.34632678713475346,-0.04714045207910316
dactyl_4_9,dactyl_4,-2.1300201848707747,1.0999414269979446,0.5359062216863569,1.7117929279069382,-0.09588274112680271,0.3982636057176882,-0.34632678713475346,-0.04714045207910316
dactyl_4_10,dactyl_4,-2.237280401992308,2.0670638296780797,0.22467313672413042,0.38698006240699917,0.6801104390816185,-0.05384294217361062,2.1357604451077052,-0.04714045207910316
dactyl_4_11,dactyl_4,-1.233061831144242,0.9738189642106729,0.2839755599937952,0.233596445984959,0.7235575180304797,-0.9378204091931112,-0.34632678713475346,-0.04714045207910316
dactyl_4_12,dactyl_4,-1.9482284791262645,1.6930798018874493,0.21222631523546118,0.933130006351583,-0.4739218721156547,-0.056302338941947846,-0.34632678713475346,-0.04714045207910316
dactyl_4_13,dactyl_4,-1.2948126985029849,1.3656444559651486,-0.0918274113443064,-0.129684802809053,1.4412517357539012,-0.061180304548080836,-0.34632678713475346,-0.04714045207910316
dactyl_4_14,dactyl_4,-1.728481339454497,1.9513186651759042,-0.5355328727599031,0.635795373440775,0.8147085883291121,-0.5012260263679287,-0.34632678713475346,-0.04714045207910316
dactyl_4_15,dactyl_4,-2.017713457207917,1.504509803612935,-0.49022733114319533,1.620541577491394,1.6891099126557876,-0.4919218437021729,-0.34632678713475346,-0.04714045207910316
dactyl_4_16,dactyl_4,-1.7105925866734053,0.6841674766368697,0.27516278261770993,1.370040440224828,1.4315083007703011,0.40311034337758206,-0.34632678713475346,-0.04714045207910316
dactyl_4_17,dactyl_4,-1.6371374463399484,0.9046684461156714,0.4983787342111215,0.603824552428624,1.3771736384860063,-0.9378204091931112,2.1298389646331706,-0.04714045207910316
dactyl_4_18,dactyl_4,-1.8642345400637919,1.34291299942188,0.37341306357813264,0.6451689709668287,1.0290582787516096,-0.9378204091931112,-0.34632678713475346,-0.04714045207910316
dactyl_4_19,dactyl_4,-1.77548809886934,0.3455102398723051,1.3885510518509407,0.8283388503784497,0.6109149562913858,0.3961207283882401,-0.34632678713475346,-0.04714045207910316
dactyl_4_20,dactyl_4,-2.1264590512556993,0.9618533333794859,1.1885100744610217,0.9231274903578155,0.3420177777993461,-0.4935296510296643,-0.34632678713475346,-0.04714045207910316
dactyl_6_1,dactyl_6,-1.9236949866152884,-0.40497948902756586,1.8760952009051668,1.7754959214223105,0.7171045653662672,-0.3675196982772133,-0.34632678713475346,-0.04714045207910316
dactyl_6_2,dactyl_6,-2.1783103164978392,-0.39411156154235877,1.9395521617047893,2.4194851372673774,0.11045880407214076,-0.36323505563043584,-0.34632678713475346,-0.04714045207910316
dactyl_6_3,dactyl_6,-1.8384735129388199,-0.19756057906587401,1.2185781866265952,2.1492755306493776,0.7689046914105679,-0.6531093097384351,1.2525324851877957,-0.04714045207910316
dactyl_6_4,dactyl_6,-1.832626192957394,-0.748011244622704,1.9705421289139147,2.052272664882376,0.49632688193838675,0.7770503109759043,-0.34632678713475346,-0.04714045207910316
dactyl_6_5,dactyl_6,-2.0732950957542644,-0.8755220257972834,2.6719850922920108,1.7486419389309873,0.7993398510603463,-0.36323505563043584,-0.34632678713475346,-0.04714045207910316
dactyl_6_6,dactyl_6,-2.2122454373888742,-0.09683404999734452,1.243995854514738,2.779640689334712,0.6321244334533236,-0.6500804682548748,-0.34632678713475346,-0.04714045207910316
dactyl_6_7,dactyl_6,-1.8135919428489415,-0.1815450676896296,1.21145377934997,2.1450051116846764,0.4828735194281589,-0.08412546510076066,1.2517119261565806,-0.04714045207910316
dactyl_6_8,dactyl_6,-2.1670619952933574,-0.05544197342709438,0.8654367977741034,3.10715515862576,0.8054932352719157,-0.9378204091931112,-0.34632678713475346,-0.04714045207910316
dactyl_6_9,dactyl_6,-2.0898176351336515,-0.22295529826545846,1.7269662779690105,1.8966799174495013,0.9033006357857529,0.20778881846800806,-0.34632678713475346,-0.04714045207910316
dactyl_6_10,dactyl_6,-2.009179828224831,-0.2694586225356159,1.5496828409664816,2.411621581878274,0.20861060403253875,-0.9378204091931112,-0.34632678713475346,-0.04714045207910316
iamb_3_1,iamb_3,0.47060021467167096,0.01199689073953731,-0.37769691426051144,-0.4143740325509605,-0.04218624049930868,-0.2673550329077645,-0.34632678713475346,-0.04714045207910316
iamb_3_2,iamb_3,0.8490827931694505,-1.6654236954484563,0.5729870965584584,0.33990021647266594,-0.15853484064605097,1.088275325963947,-0.34632678713475346,-0.04714045207910316
iamb_3_3,iamb_3,-0.07080174201150502,0.03937879400307448,-0.4659944933007297,0.6149226180701377,0.5257021596711706,-0.9378204091931112,-0.34632678713475346,-0.04714045207910316
iamb_3_4,iamb_3,1.2782503868561856,-1.1242401307281709,0.3205275918903367,-0.8610027786040813,-0.612702568338086,-0.2789079122376962,-0.34632678713475346,-0.04714045207910316
iamb_3_5,iamb_3,1.496558079663681,-2.1473598778032237,-0.44627534161009513,1.4497873754149875,-0.5658514208907326,1.0858104893031721,-0.34632678713475346,-0.04714045207910316
iamb_3_6,iamb_3,0.7994117575893337,-0.6892642807622984,0.17335511755583896,-0.23747917376034502,-0.9867670939177527,-0.9378204091931112,-0.34632678713475346,-0.04714045207910316
iamb_3_7,iamb_3,0.09603325522824736,-0.7070264524941194,0.5389820447595265,-0.06845675529447769,0.8425282139133221,0.43549195288238535,-0.34632678713475346,-0.04714045207910316
iamb_3_8,iamb_3,0.09246944666055248,0.08583208228521813,-0.7469744100815742,0.6492824989256502,-0.02202101133230432,1.089509997344299,-0.34632678713475346,-0.04714045207910316
iamb_3_9,iamb_3,1.0007965798029943,-0.5651886755030331,-0.3025143724443159,-0.14415789703616638,-1.2551867711884521,-0.2709835286302949,-0.34632678713475346,-0.04714045207910316
iamb_3_10,iamb_3,0.5188048639082714,-1.398502247335155,0.906725986710063,0.3797993343559108,-0.8225416498859456,0.42118661577743216,-0.34632678713475346,-0.04714045207910316
iamb_3_11,iamb_3,-0.03516226862360474,-0.32746987386824533,0.6704323713199526,-0.32960453380953464,-0.14065172072468446,0.4228541090596047,3.4742602470347737,-0.04714045207910316
iamb_3_12,iamb_3,1.5252850893288383,-0.9936746001736745,-1.531546205411268,0.17310782448652218,1.3882397572576002,0.38867448599344784,3.378288563162094,-0.04714045207910316
iamb_3_13,iamb_3,1.1486090388477566,-2.0450103179218946,0.27378674021483757,0.7085702566355119,0.2515063928570455,0.41538243690324433,-0.34632678713475346,-0.04714045207910316
iamb_3_14,iamb_3,0.44028716768696063,-0.8143754664070878,0.17380973876668537,-0.10315902653467025,0.9296440702657871,0.41620856806691736,-0.34632678713475346,-0.04714045207910316
iamb_3_15,iamb_3,0.9420181526737369,-1.5464646407166711,0.34609572938356137,0.0627623478721765,0.6393812260719848,-0.2649140181882791,-0.34632678713475346,-0.04714045207910316
iamb_3_16,iamb_3,0.9914498282697459,-1.417966010449199,0.4255183491714812,0.03264448231688669,-0.5805021977680821,0.40149086179235177,-0.34632678713475346,-0.04714045207910316
iamb_3_17,iamb_3,0.06827038888377637,-0.7659959860405864,0.7444631275622603,0.11507447146505063,0.2830332098902327,-0.9378204091931112,-0.34632678713475346,-0.04714045207910316
iamb_3_18,iamb_3,0.8729538384314048,-1.8837145647693432,0.9982555667265819,0.013937364940902398,0.12458213031088329,-0.25914860235347636,3.464907524796904,-0.04714045207910316
iamb_3_19,iamb_3,-0.5132999061077571,-1.044427407707333,1.8220443440706862,0.3623753046845578,0.04701679692877577,-0.9378204091931112,-0.34632678713475346,-0.04714045207910316
iamb_3_20,iamb_3,0.17258014168386845,-0.3174568849844131,-0.4422505618373201,0.9046380623571103,-0.13914956792588765,-0.25706550902370456,-0.34632678713475346,-0.04714045207910316
iamb_3_21,iamb_3,0.6045033313709823,-1.231023631595457,0.4534689087161263,0.3008543408602008,-0.01889027598314916,-0.2612189861449334,-0.34632678713475346,-0.04714045207910316
iamb_3_22,iamb_3,0.6587533632192762,-0.8534572850313465,-0.5803912598313983,0.375787432851668,1.4831938522371968,0.4203544008203161,-0.34632678713475346,-0.04714045207910316
iamb_3_23,iamb_3,1.0002165731722727,-1.318236490844719,-0.8043062707928946,1.0653216829389076,0.9274980649575316,-0.2612189861449334,-0.34632678713475346,-0.04714045207910316
iamb_3_24,iamb_3,0.9005014679359562,-0.3081342932933027,-0.7843751394969523,-0.25528876754279567,0.07248626936920968,0.3934517785331353,-0.34632678713475346,-0.04714045207910316
iamb_3_25,iamb_3,0.32188354944453007,-0.17120982512198374,-0.15299425816771856,-0.6849596942901998,1.4931898067668525,-0.25706550902370456,-0.34632678713475346,-0.04714045207910316
iamb_3_26,iamb_3,1.1373819772999416,-0.9081830473569649,0.511629189573123,-1.225733294439953,-0.5997094363536986,-0.27457296159983163,-0.34632678713475346,-0.04714045207910316
iamb_3_27,iamb_3,0.46783080526889725,-0.5728650248875378,0.254552233477337,-0.28489669913351956,-0.029814564244311174,-0.9378204091931112,3.437122098464474,-0.04714045207910316
iamb_3_28,iamb_3,1.1396409086274095,-0.803326939055561,0.16529496678266464,-1.1151720707757558,-0.22052434980967991,0.37844040074868507,-0.34632678713475346,-0.04714045207910316
iamb_3_29,iamb_3,0.577496513286628,-1.5209076909190313,0.5709499907386983,0.37676626252423145,0.6951572235837351,0.4312533344809176,-0.34632678713475346,-0.04714045207910316
iamb_3_30,iamb_3,0.7514855682187719,-0.834100851578742,-1.1433778699426589,0.9983897783105576,1.4881857007745385,-0.2579002789809938,-0.34632678713475346,-0.04714045207910316
iamb_3_31,iamb_3,0.6382645801754568,-1.5997703911847736,1.0368106887259885,0.15181899008458,-0.15260291442060775,-0.9378204091931112,-0.34632678713475346,-0.04714045207910316
iamb_3_32,iamb_3,0.6359120149447888,-1.5691926891232137,1.0476573642853493,-0.11425313402194393,0.3830796652939102,-0.9378204091931112,-0.34632678713475346,-0.04714045207910316
iamb_3_33,iamb_3,1.6047457364958648,-1.371062862409042,-0.13966417687145097,-0.6493495772034018,-0.08008785439844031,-0.9378204091931112,3.362760089396711,-0.04714045207910316
iamb_3_34,iamb_3,0.7542923260191259,-1.2769334973933368,0.3182327119497655,0.2186984698535645,0.1031740368782258,-0.264505453287851,-0.34632678713475346,-0.04714045207910316
iamb_3_35,iamb_3,-0.2969763005671352,-0.5200280913217431,0.47417577571813385,0.7116331782456581,0.2954835462464824,0.4363428279518249,-0.34632678713475346,-0.04714045207910316
iamb_3_36,iamb_3,0.47263387090850684,-0.5638003577145274,-0.5694243470742496,0.7091567649940619,0.4993017653314333,-0.9378204091931112,-0.34632678713475346,-0.04714045207910316
iamb_3_37,iamb_3,1.1562578281936466,-1.386908309018125,0.41370530969399993,-0.19079046040525852,-0.7210756085428842,-0.9378204091931112,-0.34632678713475346,-0.04714045207910316
iamb_3_38,iamb_3,0.7595853770754107,-0.24910840965834502,-0.7059573441059841,-0.18358462262011596,0.34907723902287463,-0.9378204091931112,-0.34632678713475346,-0.04714045207910316
iamb_3_39,iamb_3,0.4093760827839328,-1.0107869660683468,-0.13531698868482914,0.935176852240593,0.4178786958795571,0.4295652040941433,-0.34632678713475346,-0.04714045207910316
iamb_3_40,iamb_3,0.5597315461581167,-0.9193408572714125,0.8604951623181398,-0.7206834290804605,-0.17761557131743852,0.4023001133156059,-0.34632678713475346,-0.04714045207910316
iamb_3_41,iamb_3,0.41836431417574177,-0.9129648080738372,-0.236594861665071,1.042621891823102,0.1463335984685554,-0.253705830306027,-0.34632678713475346,-0.04714045207910316
iamb_3_42,iamb_3,-0.07093982171758206,-1.3466229976966044,1.4959817331978285,0.03883244889121739,0.9819459691539771,-0.25073879062064314,-0.34632678713475346,-0.04714045207910316
iamb_3_43,iamb_3,0.5707832548211463,-1.6762169161574882,0.91235963710076,0.19504087338955092,0.38489109108370234,1.7669350356263116,-0.34632678713475346,-0.04714045207910316
iamb_3_44,iamb_3,1.0832948217910756,-1.1114882314031502,-0.520139029943033,0.19165352424081702,0.7616471456477513,-0.2673550329077645,-0.34632678713475346,-0.04714045207910316
iamb_3_45,iamb_3,0.8217096081302251,-1.7506602908386737,1.1575390131085923,-0.17976093280411348,-0.02825964383961771,-0.9378204091931112,-0.34632678713475346,-0.04714045207910316
iamb_3_46,iamb_3,0.7789042721071765,-1.4215822287326814,0.8188990189844434,0.11726459220393864,-0.9731590298590633,-0.264505453287851,-0.34632678713475346,-0.04714045207910316
iamb_3_47,iamb_3,1.0737615723685103,-0.7276838263292259,-0.960912560562658,0.47683585148434365,0.06452652999358342,-0.9378204091931112,-0.34632678713475346,-0.04714045207910316
iamb_3_48,iamb_3,-0.14043233556035514,-0.5114010439018528,0.4820053616174405,0.3171931414307284,0.5544940288724917,-0.2541276025494839,-0.34632678713475346,-0.04714045207910316
iamb_3_49,iamb_3,1.031142973696962,-1.1917308991528697,-0.35215541972085207,0.8019896255151683,-0.6971888057093288,-0.9378204091931112,-0.34632678713475346,-0.04714045207910316
iamb_3_50,iamb_3,0.4147011037848448,-0.40047776436636673,0.3145959106880119,-0.40740398195831967,-0.4415078298241794,-0.2665433314836902,-0.34632678713475346,-0.04714045207910316
iamb_4_1,iamb_4,-0.452763116907889,0.6248828659552422,0.6531504837984284,-1.0064463654101745,-0.3396434259044525,0.6693531159894445,-0.34632678713475346,-0.04714045207910316
iamb_4_2,iamb_4,-0.05776152257046119,1.2517518244406198,-0.7377965403609523,-1.367820904021295,0.5718956017061925,1.6975164072896913,-0.34632678713475346,-0.04714045207910316
iamb_4_3,iamb_4,0.5255274425083978,0.30715555786392856,-0.4694455989344614,-1.1344034493058643,0.5688950753703222,-0.41125358470310003,-0.34632678713475346,-0.04714045207910316
iamb_4_4,iamb_4,0.6143891923612625,0.5045491352775766,-0.4075201049911292,-1.541934463290759,-0.40194163963839874,1.6665706954944495,-0.34632678713475346,-0.04714045207910316
iamb_4_5,iamb_4,0.6262435322429469,0.6977750402427457,-0.5312330153657601,-1.6068981319268412,-0.8281858639924751,1.6519734543658875,2.562387302401131,-0.04714045207910316
iamb_4_6,iamb_4,0.4693765735162256,0.7391520442299397,-0.8721634168812075,-1.3258168083662696,0.4680294505493362,1.6987695393945335,-0.34632678713475346,-0.04714045207910316
iamb_4_7,iamb_4,0.0917044986996509,0.29556842778052234,0.3288641614695923,-1.0778091544731654,-0.370702235298333,0.6471482411774891,-0.34632678713475346,-0.04714045207910316
iamb_4_8,iamb_4,-0.12148080414350605,1.1327684793221917,-0.25009534250495086,-1.2440340226847093,-0.5847036669886655,1.1724550092197594,-0.34632678713475346,-0.04714045207910316
iamb_4_9,iamb_4,-0.1860287906978747,0.4537460293373897,0.34347639129605173,-1.3788851031280387,0.2970722731654583,4.943783764449896,-0.34632678713475346,-0.04714045207910316
iamb_4_10,iamb_4,0.12684660143006568,0.45150470035824514,-0.2692985323476416,-0.8985294766545788,0.37959242847933766,1.1835564102731029,-0.34632678713475346,-0.04714045207910316
iamb_4_11,iamb_4,-0.007935400888827727,0.4988790741614756,-0.08223867526578048,-0.5709118018499869,-0.6773994048396573,1.1866043654734852,-0.34632678713475346,-0.04714045207910316
iamb_4_12,iamb_4,0.8321739636402173,0.1515837563202411,-0.9501399514347992,-0.7660055152745794,-0.18020864761525393,2.205164188943771,2.595362804597098,-0.04714045207910316
iamb_4_13,iamb_4,0.5396971024684197,0.009763132358844184,0.2027294514514922,-1.550783153230011,-0.07316138043830853,2.2081362783982743,-0.34632678713475346,-0.04714045207910316
iamb_4_14,iamb_4,0.18946225410718787,0.47893371227598774,-0.1864602188737685,-1.2299282923429493,-0.05036775079088166,3.8238912279174184,-0.34632678713475346,-0.04714045207910316
iamb_4_15,iamb_4,0.19510374919399642,0.28092920237071917,0.2227597449845873,-1.354082634474913,-0.05278652188637661,2.233627824484572,-0.34632678713475346,-0.04714045207910316
iamb_4_16,iamb_4,-0.4848469819699615,0.8913250425668382,0.2700763861779234,-1.2723500307105273,0.2050422052158194,2.824975580449033,2.6723629199405394,-0.04714045207910316
iamb_4_17,iamb_4,0.09703290392781401,-0.01694865094271557,0.8463210356639544,-1.2415551195443446,-0.6737328804152324,1.1906819562118087,2.641944261663869,-0.04714045207910316
iamb_4_18,iamb_4,0.45324491678760326,0.2435543686852839,-0.41711133372869613,-1.072950950689093,0.4767724779613943,1.1774866625779206,2.6234189761920605,-0.04714045207910316
iamb_4_19,iamb_4,0.023133996439688297,0.6710949429805222,-0.049984723639108386,-1.1406221610772453,-0.25736152550999364,1.182542367816379,-0.34632678713475346,-0.04714045207910316
iamb_4_20,iamb_4,0.6321657499329207,0.1395409180947081,-0.32507434119201617,-1.3023049291489615,0.14283512500089157,2.215591152065552,-0.34632678713475346,-0.04714045207910316
iamb_4_21,iamb_4,0.9168212139054615,-0.34647306993835814,0.48691069317265157,-1.8618854436059935,-0.6128878362613157,1.1427607022064448,2.5746661142237497,-0.04714045207910316
iamb_4_22,iamb_4,-0.045028499454329886,0.8000055199701854,-0.3005920802671391,-0.9559759893251693,-0.03330623671382245,1.192726627071948,-0.34632678713475346,-0.04714045207910316
iamb_4_23,iamb_4,0.2175625786374025,0.6238991900787996,0.0339716218751318,-1.5706991666321386,-0.48328949307478436,1.695013713256944,2.610727754981262,-0.04714045207910316
iamb_4_24,iamb_4,0.3179228716451019,1.0795731770477233,-0.7773411779548031,-1.542027392606907,0.03657242302575848,0.6381384714927677,2.6037238361226263,-0.04714045207910316
iamb_4_25,iamb_4,0.43467561626561896,0.3814902826104806,-0.3413093054867747,-0.8618032960963136,-0.9057605645794987,1.6925157681692304,-0.34632678713475346,-0.04714045207910316
iamb_4_26,iamb_4,-0.22815906717876017,1.0380832400956637,-0.31382297847037227,-1.0134390898870167,-0.4661644211134948,3.839847178831623,-0.34632678713475346,-0.04714045207910316
iamb_4_27,iamb_4,0.7848874806947094,-0.6126366072357672,0.3383423889551675,-1.3235114710619373,0.785739202416193,0.11731730001332406,-0.34632678713475346,-0.04714045207910316
iamb_4_28,iamb_4,0.7938783800719416,-0.005965154743649538,0.19057445962973554,-2.2259202696653526,0.8665087360150695,-0.41398964283696404,2.595362804597098,-0.04714045207910316
iamb_4_29,iamb_4,-0.3951175198591957,1.4210471253282801,-0.7360460607484898,-0.707379659856654,0.07696462778559719,0.662395654841468,-0.34632678713475346,-0.04714045207910316
iamb_4_30,iamb_4,0.5310774228005516,0.8552802746108688,-1.0167874306940405,-1.362406286525451,0.026664991018242747,2.2021977098516174,2.592586316072575,-0.04714045207910316
iamb_4_31,iamb_4,-0.31046452163419086,0.6501384363883627,0.4034726479714463,-1.6694946269909101,1.144609153484897,2.2641518690820472,-0.34632678713475346,-0.04714045207910316
iamb_4_32,iamb_4,-0.7081126468250568,0.36326841656027015,1.117439815658676,-1.1017293206955263,0.6662337358872703,0.6905932947363503,2.701914458923166,-0.04714045207910316
iamb_4_33,iamb_4,-0.4139380932890936,0.5769147873262306,0.8043561998530868,-1.4168677599179675,0.08467699611483198,1.2019764694869919,-0.34632678713475346,-0.04714045207910316
iamb_4_34,iamb_4,-0.16906844379470998,-0.05357230190935609,0.6227737113360572,-0.8519787632370995,0.5363627766084803,2.2968409394971077,2.681168043053058,-0.04714045207910316
iamb_4_35,iamb_4,-0.8193766021960963,1.3825638723235731,-0.15034004682510257,-0.8113706940856812,0.5363627766084803,0.6795102651519983,2.681168043053058,-0.04714045207910316
iamb_4_36,iamb_4,-0.23913531608038105,0.34388371558828784,0.3121949921061189,-0.5064878891869405,-0.24279016314447432,0.128990300163275,2.6491310607230285,-0.04714045207910316
iamb_4_37,iamb_4,0.22003729629350868,0.7185990719552842,-0.5467960544493329,-0.9609050744418314,-0.055200685798832354,0.6463934942011222,-0.34632678713475346,-0.04714045207910316
iamb_4_38,iamb_4,0.09019473610658295,0.22645592124926678,0.4161019119477054,-1.0035432688180752,-0.6746508304150166,1.1896610917679695,-0.34632678713475346,-0.04714045207910316
iamb_4_39,iamb_4,0.3165512848816506,0.4458780528216658,0.23667735763789227,-1.6276236186132134,-0.8057138844838381,2.2096244319874847,-0.34632678713475346,-0.04714045207910316
iamb_4_40,iamb_4,0.8234563438793142,-0.5219662131288604,-0.1940536537944634,-1.005601677553025,0.8911578846781054,2.227592718426194,-0.34632678713475346,-0.04714045207910316
iamb_4_41,iamb_4,-0.09072570008703514,0.5400156748330875,0.2590015632195812,-1.0386823053701433,-0.5664337945467306,1.7240848533512079,-0.34632678713475346,-0.04714045207910316
iamb_4_42,iamb_4,0.027009319117222708,0.3815337500715285,-0.3736564888637471,-0.1477801794430402,-0.2439175037535224,0.6616263201952977,-0.34632678713475346,-0.04714045207910316
iamb_4_43,iamb_4,0.0260268694030457,0.3370182027819078,-0.4151371649773548,-0.8269604133139522,1.3865694816384733,2.824975580449033,2.6723629199405394,-0.04714045207910316
iamb_4_44,iamb_4,-0.6287472523913423,0.08340179627727731,1.3192502433841082,-0.9790702924363979,0.1239183415785592,2.8618115666422987,-0.34632678713475346,-0.04714045207910316
iamb_4_45,iamb_4,0.5815185650738464,0.5767513114774188,-0.6543581358653131,-1.814884846780608,0.14412981146602472,5.3719931462889,5.5593696241467345,-0.04714045207910316
iamb_4_46,iamb_4,0.34258676689548806,0.6794594195278872,-0.25896706274804615,-1.5859412662952168,-0.07078135464604499,1.1614691930330379,-0.34632678713475346,-0.04714045207910316
iamb_4_47,iamb_4,0.08390865992088055,0.10480495504044762,0.4223506706281501,-1.3198953625684913,0.2009869765103297,3.3562734238212677,2.6679795370164223,-0.04714045207910316
iamb_4_48,iamb_4,0.7476682559822754,0.862631180205183,-1.4034775188239175,-1.1103521332348016,0.014385406138095951,0.6248142536194251,-0.34632678713475346,-0.04714045207910316
iamb_4_49,iamb_4,0.5188752269644424,0.5710872206443481,-0.3716777597026333,-1.754520900741277,0.5510109183995839,0.10934647690317158,-0.34632678713475346,-0.04714045207910316
iamb_4_50,iamb_4,0.4184832804409636,0.7700869028945644,-0.8105122296098272,-1.3632501952505511,0.46948315563045623,1.7000238638229765,-0.34632678713475346,-0.04714045207910316
iamb_5_1,iamb_5,1.0153697883419739,-0.575098512678204,-0.5072672652134543,-0.07588771757356932,-0.7347580056701025,-0.09483315539154266,-0.34632678713475346,-0.04714045207910316
iamb_5_2,iamb_5,1.680186545150981,-0.8216558156813543,-0.9892934055279412,-0.6008294947910694,0.06909754975222329,-0.5223278155715437,-0.34632678713475346,-0.04714045207910316
iamb_5_3,iamb_5,1.7367799096638803,-1.4978605460562748,-1.0801463681929735,0.7099827121144223,-0.48448788096595174,0.7462338540961271,-0.34632678713475346,-0.04714045207910316
iamb_5_4,iamb_5,1.2093056793219652,-0.05231761304745971,-1.5749930385230042,0.15645495402311246,-0.7410747123438354,-0.5177636923840341,-0.34632678713475346,-0.04714045207910316
iamb_5_5,iamb_5,0.9547889513516223,-0.7744957957941234,-0.335987193366532,-0.1409944741620437,0.1354144282781908,-0.5119564566677796,-0.34632678713475346,-0.04714045207910316
iamb_5_6,iamb_5,0.8849772299406482,-0.5795912814694256,-0.6033212930505775,0.5543870427039926,-1.1432448293717572,-0.9378204091931112,-0.34632678713475346,-0.04714045207910316
iamb_5_7,iamb_5,0.9622119955754728,-1.21575913809774,-0.1880213886902102,0.6281320905747094,-0.4504087253108748,-0.5099848642949771,-0.34632678713475346,-0.04714045207910316
iamb_5_8,iamb_5,0.8423861192584243,-0.22678370786970742,-0.860799446069582,-0.12285388023215721,0.044254080207693114,-0.08805049932647253,-0.34632678713475346,-0.04714045207910316
iamb_5_9,iamb_5,1.7144893258668483,-0.8274197269082937,-0.7997269270366199,-0.958764631181243,0.14495434229950224,-0.5234146796056809,-0.34632678713475346,-0.04714045207910316
iamb_5_10,iamb_5,1.5480624814222164,-1.5968560222837558,0.16324654188391355,-0.4555396095025388,-0.2419036344235589,-0.9378204091931112,-0.34632678713475346,-0.04714045207910316
iamb_5_11,iamb_5,1.5258083399295959,-0.9245843044920661,-0.6648059609500152,-0.383625190214688,-0.4061585076711597,-0.51792274452974,-0.34632678713475346,-0.04714045207910316
iamb_5_12,iamb_5,1.60340446605688,-1.0803293033688446,-0.7542587431339932,-0.3945624740995293,-0.07529955837157973,0.7385964197954956,2.0072472361820752,-0.04714045207910316
iamb_5_13,iamb_5,1.787240634796197,-1.9086646914059784,0.024839336690377436,0.1105368350128923,-1.2477337917818412,-0.09961199469880776,-0.34632678713475346,-0.04714045207910316
iamb_5_14,iamb_5,1.3983684520180995,-0.7801987154233229,-0.6252486115285574,-0.617642436721078,0.007464971678645394,-0.09992865824791786,-0.34632678713475346,-0.04714045207910316
iamb_5_15,iamb_5,1.4479178430658672,-0.8767020911351304,-0.8431465210250768,0.19774598640128005,-1.0745246155258052,-0.5171262770322752,-0.34632678713475346,-0.04714045207910316
iamb_5_16,iamb_5,1.4052290761558948,-0.8288034620622614,-1.377002968310183,0.6699343198548993,-0.30844648021544896,-0.5153633682879822,-0.34632678713475346,-0.04714045207910316
iamb_5_17,iamb_5,1.1567994091137908,-0.6406673665165209,-1.0051348016974357,0.16033127302837813,-0.04259656892511098,0.3358584564760659,-0.34632678713475346,-0.04714045207910316
iamb_5_18,iamb_5,1.1247281787324335,-0.20355675424738148,-0.9457414179505648,-0.39019252451709885,-0.4924423845552068,-0.518399179096302,-0.34632678713475346,-0.04714045207910316
iamb_5_19,iamb_5,2.0598217691797207,-0.42015554417065964,-1.9940236608666075,-0.40447603236579516,-0.6958354626916465,-0.11454666578111165,-0.34632678713475346,-0.04714045207910316
iamb_5_20,iamb_5,1.2787620664053148,-0.49711440746033125,-1.2676899511691302,0.16605751969245355,-0.23389460750403207,-0.5171262770322752,-0.34632678713475346,-0.04714045207910316
iamb_5_21,iamb_5,1.9901103462585277,-1.0414044520205892,-1.0949033581221388,-0.6091659053070161,-0.515173873936757,1.1365337478887507,-0.34632678713475346,-0.04714045207910316
iamb_5_22,iamb_5,1.0018446741718845,-0.8287205791884157,-0.11237950320041308,-0.06892910101592227,-0.9012806230050321,-0.5158456251839927,-0.34632678713475346,-0.04714045207910316
iamb_5_23,iamb_5,1.3505520713704593,-0.35660254937417674,-0.8966371304914152,-0.6823794597815716,-0.42418066414523564,-0.5213916700357836,-0.34632678713475346,-0.04714045207910316
iamb_5_24,iamb_5,0.9705702734000721,-0.6406673665165209,-0.8021875070908109,0.41616832737590254,-0.2971027750290997,-0.5132607873033855,-0.34632678713475346,-0.04714045207910316
iamb_5_25,iamb_5,1.3700284825570612,-1.2848114918384468,-0.01011652269400648,-0.4533776971679808,-0.07339913547324886,-0.9378204091931112,-0.34632678713475346,-0.04714045207910316
iamb_5_26,iamb_5,1.6490529741728928,-0.8456261653659599,-1.0558208377378275,-0.12004270601351263,-0.6745311477448747,-0.5215479871300618,-0.34632678713475346,-0.04714045207910316
iamb_5_27,iamb_5,1.1307850481888244,-0.07509192824541511,-1.4645410684639293,-0.14854221051737562,0.2715680811903502,-0.9378204091931112,-0.34632678713475346,-0.04714045207910316
iamb_5_28,iamb_5,1.2418459461165923,-1.3936809482151613,-0.25744331621584515,0.4380259656200424,-0.3006051540121819,-0.9378204091931112,-0.34632678713475346,-0.04714045207910316
iamb_5_29,iamb_5,1.3792319039106633,-1.069984689364679,-0.7132909717632893,0.3978456508012409,-0.8196527513915445,-0.5164869242478363,-0.34632678713475346,-0.04714045207910316
iamb_5_30,iamb_5,1.2977890308763345,-0.8886519976358882,-0.6734883887521145,-0.1553918241772194,0.01631869132034101,-0.09707004347971968,-0.34632678713475346,-0.04714045207910316
iamb_5_31,iamb_5,1.1005657230105272,-1.0360110910936324,-0.43671137563146706,0.1627563848993475,0.04324607074382033,-0.08837595697100212,-0.34632678713475346,-0.04714045207910316
iamb_5_32,iamb_5,1.4549776502736014,-0.8464391481004531,-0.9056769608557045,0.061533592381672435,-0.573203447105548,-0.9378204091931112,-0.34632678713475346,-0.04714045207910316
iamb_5_33,iamb_5,1.3488313367374327,-0.5880664730292919,-0.8833664249334602,-0.3292170412689405,-0.4094575626765191,-0.09929509170656035,-0.34632678713475346,-0.04714045207910316
iamb_5_34,iamb_5,1.1533520468141978,-1.6962035710910028,0.5563062205270879,0.056256130051108966,-0.5437840401306598,-0.9378204091931112,2.047046335730861,-0.04714045207910316
iamb_5_35,iamb_5,1.4325400451876353,-1.0393825269957586,-0.7090801746637968,-0.24589254752229062,0.4386093989133865,-0.5171262770322752,-0.34632678713475346,-0.04714045207910316
iamb_5_36,iamb_5,1.2685451110234853,-0.4316989129041923,-1.0973044583853473,-0.2299823714637918,-0.15628820494734916,-0.09866056630551112,-0.34632678713475346,-0.04714045207910316
iamb_5_37,iamb_5,1.405352005269486,-1.0512090973055677,-0.6734883887521145,0.0029303862937181155,-0.06768057710821823,-0.9378204091931112,-0.34632678713475346,-0.04714045207910316
iamb_5_38,iamb_5,1.3529924418449442,-1.2702904520774503,-0.2149679169080499,-6.62912923367828e-4,-0.6468468962885285,-0.09322807684279631,-0.34632678713475346,-0.04714045207910316
iamb_5_39,iamb_5,1.151979887694726,-0.5029474611379459,-1.1695917969472986,0.36114490623396117,-0.3162342210460281,-0.9378204091931112,-0.34632678713475346,-0.04714045207910316
iamb_5_40,iamb_5,0.7991212278223622,-0.4634343650129961,-0.878842629631254,0.5005631160412334,-0.20496970400220751,-0.08609250414244804,-0.34632678713475346,-0.04714045207910316
iamb_5_41,iamb_5,2.0326355206133693,-1.3723013069850667,-0.3604960060351423,-1.0619562576966695,-0.4387060663775205,-0.5241875362442251,-0.34632678713475346,-0.04714045207910316
iamb_5_42,iamb_5,1.0790854695284222,-0.7077020929654138,-0.25390275494406117,-0.43287869077361046,-0.3040968387082932,-0.9378204091931112,-0.34632678713475346,-0.04714045207910316
iamb_5_43,iamb_5,1.624835690524492,-1.4937909635170044,-0.7129672651527649,0.537537542823409,-0.47888369549088766,-0.9378204091931112,-0.34632678713475346,-0.04714045207910316
iamb_5_44,iamb_5,1.083181969369195,-1.5363021051456345,0.37780382363810944,0.142856600858823,-0.3768597723372055,-0.9378204091931112,-0.34632678713475346,-0.04714045207910316
iamb_5_45,iamb_5,1.1045944853690928,-1.567086081170921,0.2471482551955677,0.3697395490869222,-0.4610744637985922,-0.9378204091931112,-0.34632678713475346,-0.04714045207910316
iamb_5_46,iamb_5,1.34802380896798,-0.9199344635517019,-0.8338896808951297,0.01583071455431281,0.03520970663321684,-0.09097067083804172,-0.34632678713475346,-0.04714045207910316
iamb_5_47,iamb_5,1.1307850481888244,-0.41865874037460626,-1.0174836503635687,-0.021740239747787306,-0.31709624169457434,-0.09611283243716173,-0.34632678713475346,-0.04714045207910316
iamb_5_48,iamb_5,1.6059606443395777,-0.8643644484608745,-1.2087305174748708,0.05445848521430132,-0.40780928339745104,-0.09866056630551112,2.0099187163447505,-0.04714045207910316
iamb_5_49,iamb_5,0.7834832388212319,6.848319713700129e-4,-0.6947433046087684,-0.4712877909026095,-0.30670861353626505,-0.5150412508339943,-0.34632678713475346,-0.04714045207910316
iamb_5_50,iamb_5,1.624689844762519,-1.4167150313454595,-0.2821206780383742,-0.20289447303534222,-0.7445654191824388,0.31996756703671486,-0.34632678713475346,-0.04714045207910316
iamb_6_1,iamb_6,0.09708463529957145,-1.2419638971839058,1.0238283772280963,0.24312960162123556,0.5063516575385452,1.2741803867695813,-0.34632678713475346,-0.04714045207910316
iamb_6_2,iamb_6,0.4558826197584004,-1.106930713540395,0.36296452839191196,0.35334742906050853,0.2607305376246659,0.5242095609795497,-0.34632678713475346,-0.04714045207910316
iamb_6_3,iamb_6,1.0503091004019232,-1.521865733547879,0.4212548808519221,-0.37617653019291253,0.588225111090291,0.8682866467938,-0.34632678713475346,-0.04714045207910316
iamb_6_4,iamb_6,0.35395485117781617,-1.2033681903054192,0.5642540655390149,0.358098654804971,0.7152738493838847,-0.5704968807479427,-0.34632678713475346,-0.04714045207910316
iamb_6_5,iamb_6,0.5652201004937442,-1.4303782424054379,1.1749291773855661,-0.3445449277566472,-0.18144858923455925,1.2516163773339632,-0.34632678713475346,-0.04714045207910316
iamb_6_6,iamb_6,0.9464816103984027,-1.5309507816965746,0.9171482399328501,-0.6300804263423756,-0.13755704170667513,1.5866180059716832,-0.34632678713475346,-0.04714045207910316
iamb_6_7,iamb_6,0.5338738353898563,-1.1466216314610809,0.54134886015422,0.23485607868270816,-0.11828387287081793,-0.5743495037929264,-0.34632678713475346,-0.04714045207910316
iamb_6_8,iamb_6,0.38872026936929494,-1.991322286588323,1.48906878874828,0.5463612451125738,0.13711125844908,-0.2007318532768843,-0.34632678713475346,-0.04714045207910316
iamb_6_9,iamb_6,0.8172488552126204,-0.6841922259010936,-0.03649084894198487,-0.4640586104204937,0.21092062342458745,-0.5787045632164391,-0.34632678713475346,-0.04714045207910316
iamb_6_10,iamb_6,0.35856924825115916,-1.269548397257674,1.0126170605114297,-0.055594525809126584,0.11644182987601827,0.890922553168306,-0.34632678713475346,-0.04714045207910316
iamb_6_11,iamb_6,0.7597374468350669,-1.3964927142702828,0.4448234343352715,0.09796522610246136,0.4627454817395771,-0.21087859839274184,-0.34632678713475346,-0.04714045207910316
iamb_6_12,iamb_6,0.5030487124072085,-0.735531271206628,0.7682809526700108,-1.0358775695666014,0.3678367749459061,0.8659364749577726,-0.34632678713475346,-0.04714045207910316
iamb_6_13,iamb_6,0.5651672396331391,-1.375130304573376,0.8167140957253045,-0.13027359765468327,0.3395549778888923,1.2595700776813206,-0.34632678713475346,-0.04714045207910316
iamb_6_14,iamb_6,0.34336072615613367,-1.3549404917941987,1.2435713329870708,-0.20515023318237152,0.05031839520809103,1.2624766788544348,-0.34632678713475346,-0.04714045207910316
iamb_6_15,iamb_6,-0.0552491102782597,-0.8830038985122998,0.8369941015098624,0.6364299031082352,-0.44989680916604735,0.1689158506631396,-0.34632678713475346,-0.04714045207910316
iamb_6_16,iamb_6,0.2405332878879989,-1.4687697311197527,1.1758760212655417,0.32427869743702353,0.28439611728227354,-0.5692761312349978,1.7233165713552194,-0.04714045207910316
iamb_6_17,iamb_6,1.1273437756107818,-1.4605985197498201,0.6077198554405416,-0.6822372971046596,-0.005190995091763311,0.857177538971284,-0.34632678713475346,-0.04714045207910316
iamb_6_18,iamb_6,1.1241173118436572,-1.6822873182778184,0.768957502726714,-0.3810330283197323,-0.07529955837157973,-0.5785882315526953,-0.34632678713475346,-0.04714045207910316
iamb_6_19,iamb_6,0.9462366163615095,-1.3517244847288226,0.29962300898205885,-0.1253895846187886,0.013333389638334626,1.5932027817530068,-0.34632678713475346,-0.04714045207910316
iamb_6_20,iamb_6,0.6100961349653998,-1.5194748527069035,1.2958103977863549,-0.947524016131877,1.2051931297308716,0.8873108159154527,-0.34632678713475346,-0.04714045207910316
iamb_6_21,iamb_6,1.4591384143556203,-1.163178992209369,-0.4381275940239642,-0.2854168554544403,-0.31639589977112753,0.8382041461815899,-0.34632678713475346,-0.04714045207910316
iamb_6_22,iamb_6,1.149196365349293,-1.4330355472778968,-0.49632144781524556,0.7032151720228155,0.3678367749459061,0.14443372129741913,-0.34632678713475346,-0.04714045207910316
iamb_6_23,iamb_6,0.8362898441171817,-0.5924088984634467,-0.3442898083346486,-0.14169743768337448,-0.2310771559785967,0.4916990653488978,-0.34632678713475346,-0.04714045207910316
iamb_6_24,iamb_6,0.6137127760609311,-1.4040340536938822,0.918502910470877,-0.2365527889133738,0.10932577603433125,1.2508961678647113,-0.34632678713475346,-0.04714045207910316
iamb_6_25,iamb_6,0.8832904039166711,-0.34066935436955537,-0.8110733705497584,-0.12806385606492363,0.13211613242276068,0.13674328496964402,-0.34632678713475346,-0.04714045207910316
iamb_6_26,iamb_6,0.8670619961048035,-1.889911045535516,0.6860036413864457,0.5328098264961878,-0.2551315761277402,1.6156822640410147,-0.34632678713475346,-0.04714045207910316
iamb_6_27,iamb_6,0.5941942657516476,-1.0670088415004684,0.5727999039875951,-0.20515023318237152,0.15872840994123166,-0.2144350651774795,-0.34632678713475346,-0.04714045207910316
iamb_6_28,iamb_6,0.32131819245103427,-0.6516051722367691,0.2531265448771205,-0.03815936223877812,0.4038437983182155,0.15761890497478165,-0.34632678713475346,-0.04714045207910316
iamb_6_29,iamb_6,0.4189677818627852,-1.4702511473300972,0.8495537470633304,0.5936684985533783,-0.17031241053365784,-0.20463050348999481,-0.34632678713475346,-0.04714045207910316
iamb_6_30,iamb_6,0.8350774196493169,-1.4101805052035812,0.2907802106606787,0.024929930049353108,0.8158489829053794,0.1493852107833235,-0.34632678713475346,-0.04714045207910316
iamb_6_31,iamb_6,1.240461894084642,-1.6659683668654244,0.8893464487329413,-1.116535734139104,0.49595723247034096,0.4977132249505307,-0.34632678713475346,-0.04714045207910316
iamb_6_32,iamb_6,1.1163284411299683,-1.630507767659363,0.3636980585378604,-0.37617653019291253,0.9491209907556644,0.8682866467938,-0.34632678713475346,-0.04714045207910316
iamb_6_33,iamb_6,0.762512473530308,-1.5385838133923861,0.5480248058611062,0.22004759039373187,0.10489723021167234,0.5189280077211265,3.744022549940011,-0.04714045207910316
iamb_6_34,iamb_6,0.5918100631810553,-0.6679911642391251,-0.02132405165820369,-0.38642535888208146,0.7423456906063239,1.2358804709949904,-0.34632678713475346,-0.04714045207910316
iamb_6_35,iamb_6,0.7242369668302543,-0.9793096360011615,0.03640200012362302,0.13206048451709046,-0.12635108867315142,1.2358804709949904,-0.34632678713475346,-0.04714045207910316
iamb_6_36,iamb_6,1.115189504651682,-2.136599552200717,0.9363654732071929,-0.17188350474316502,0.6100990233769953,0.8807262165464155,-0.34632678713475346,-0.04714045207910316
iamb_6_37,iamb_6,0.971266061269048,-1.483755806238188,0.7316902261550935,-0.4455154745801685,-0.06795347921487394,0.5033098473058665,-0.34632678713475346,-0.04714045207910316
iamb_6_38,iamb_6,0.6547302212731722,-1.0844766518967597,0.3031324697030072,-0.19732019960114988,0.7565484649394691,0.5174942002241636,-0.34632678713475346,-0.04714045207910316
iamb_6_39,iamb_6,0.5213165878346807,-1.8689129715858124,1.409560933800941,0.4534109653270201,-0.83016964029251,0.8945486132390821,-0.34632678713475346,-0.04714045207910316
iamb_6_40,iamb_6,0.3442175682660605,-0.9707547890341265,0.5139273701571541,0.048449978009349096,0.3328035791228371,1.2545019612371293,-0.34632678713475346,-0.04714045207910316
iamb_6_41,iamb_6,0.15251565210338394,-0.6777275571553989,0.5871888993326648,0.04640120139535687,0.1128791151726704,-0.5725536989243485,-0.34632678713475346,-0.04714045207910316
iamb_6_42,iamb_6,0.6800208780896984,-1.5058113129993067,1.0239759892489624,-0.3948418431864276,0.3901168124132776,0.5160632124076274,-0.34632678713475346,-0.04714045207910316
iamb_6_43,iamb_6,0.8394540155804355,-1.3964927142702828,-0.13432912057841942,0.9466885120999925,-0.11828387287081793,0.15259230700744286,-0.34632678713475346,-0.04714045207910316
iamb_6_44,iamb_6,1.1340263324693827,-1.2864704672326983,0.22398827860427073,-0.4043554246428963,-0.28915547156458843,1.5784350613520246,-0.34632678713475346,-0.04714045207910316
iamb_6_45,iamb_6,0.4526160272553363,-0.9649713895938496,0.42121705185270114,0.1418980577258159,-0.1117919247746125,0.8843119147897401,-0.34632678713475346,-0.04714045207910316
iamb_6_46,iamb_6,0.5180709721503901,-1.0116935026386555,0.6016978492972288,-0.4402054763428632,0.5405006001483302,1.2465848417116094,-0.34632678713475346,-0.04714045207910316
iamb_6_47,iamb_6,0.9877622055173665,-1.369837432567199,0.6464988954489392,-0.7475580139905968,0.2901344884056449,1.2224712772535709,-0.34632678713475346,-0.04714045207910316
iamb_6_48,iamb_6,0.9016752052660839,-1.1548118729099075,-0.08856449072305991,0.4171689938205471,-0.3486455355873172,0.14655025479903042,-0.34632678713475346,-0.04714045207910316
iamb_6_49,iamb_6,0.5485621108687793,-0.34232364890890576,-0.21187016460274985,-0.32175907205319454,-0.20574582417353102,1.9519508803859464,1.682193364557862,-0.04714045207910316
iamb_6_50,iamb_6,0.20096566980603003,-1.0890633786657713,0.26876568161400377,0.9420981601571818,0.28726243938531454,0.9067400239006401,-0.34632678713475346,-0.04714045207910316
trochee_3_1,trochee_3,-1.240632008028093,2.1845770899708326,0.28214227850980916,-1.27194942328081,-0.8650503110533833,-0.9378204091931112,-0.34632678713475346,-0.04714045207910316
trochee_3_2,trochee_3,-0.3881868330745926,-0.11001780050288552,1.5466187980836388,-0.6863871150843154,-1.3223334615736229,-0.14627884432804095,-0.34632678713475346,-0.04714045207910316
trochee_3_3,trochee_3,-0.3513063366473675,1.081159071179013,-0.16436229778142017,-0.5396799432763018,-0.8577148604405589,-0.9378204091931112,-0.34632678713475346,-0.04714045207910316
trochee_3_4,trochee_3,-0.5908451890239598,1.212137364192128,0.0899068686317529,-0.8170974730685745,-0.6937264067638054,0.6418800642769222,-0.34632678713475346,-0.04714045207910316
trochee_3_5,trochee_3,0.3965352533248631,0.965861065308408,-0.01288573607775695,-1.8451096699077925,-1.6694677317003312,-0.17197114650252873,-0.34632678713475346,-0.04714045207910316
trochee_3_6,trochee_3,-0.4283369757312975,0.5832840427465993,1.3206805086408433,-1.554058031095952,-1.3313010389541429,-0.1518886357161704,4.06725001350049,-0.04714045207910316
trochee_3_7,trochee_3,-0.6968455952938436,0.9568355324711825,0.9677706127292438,-1.2791176391826569,-1.0048724148611443,-0.14571345749599446,4.101928116934053,-0.04714045207910316
trochee_3_8,trochee_3,-0.03526646681534915,1.2623790217361859,0.005066536260675981,-1.6217739065222891,-1.1949836082954057,-0.9378204091931112,-0.34632678713475346,-0.04714045207910316
trochee_3_9,trochee_3,-0.6773987468469784,1.2079404869452952,0.3138863854951537,-0.8878824149957099,-0.6977646417812922,-0.14965428810145276,-0.34632678713475346,-0.04714045207910316
trochee_3_10,trochee_3,0.20767060137692064,0.7148070073231177,0.6260438716666685,-2.0416311734954564,-1.5074841934735097,0.6066778253138015,-0.34632678713475346,-0.04714045207910316
trochee_3_11,trochee_3,-1.1508200784277023,2.433911318557548,-0.622337938889659,-0.5591304360972453,-1.0037410451577105,-0.9378204091931112,-0.34632678713475346,-0.04714045207910316
trochee_3_12,trochee_3,-0.40935421002349787,1.0097662555886375,0.9770668198460156,-1.6756438485746419,-1.4891242880373938,-0.9378204091931112,-0.34632678713475346,-0.04714045207910316
trochee_3_13,trochee_3,-0.879069767777424,1.2079404869452952,0.9836781675531201,-1.1253544782351312,-1.3277293045091938,-0.9378204091931112,-0.34632678713475346,-0.04714045207910316
trochee_3_14,trochee_3,-0.6676061356969425,1.1997663074800047,0.7663257850749511,-1.410203972810497,-1.0282633441483933,-0.1574194715604839,-0.34632678713475346,-0.04714045207910316
trochee_3_15,trochee_3,0.07948753404583535,0.03292200525002651,0.4026197352088346,-0.20932552050839617,-1.502192926114909,-0.16178840613085552,-0.34632678713475346,-0.04714045207910316
trochee_3_16,trochee_3,-0.19535729190660964,1.6744464661984668,-0.5211593176339802,-1.443477430876621,-1.0391605858382367,0.6120743949661667,-0.34632678713475346,-0.04714045207910316
trochee_3_17,trochee_3,0.314566761469968,1.1923660858667604,0.05321733391887635,-2.2784937517344424,-1.220756209793061,-0.9378204091931112,-0.34632678713475346,-0.04714045207910316
trochee_3_18,trochee_3,0.507967337405106,-0.1593635079556748,0.4118556688572336,-1.056319019349767,-0.5830163811904583,-0.9378204091931112,-0.34632678713475346,-0.04714045207910316
trochee_3_19,trochee_3,0.5389676046038051,0.8705145608655721,-0.06814407427986323,-1.8361272626714638,-1.6675614530188128,-0.9378204091931112,-0.34632678713475346,-0.04714045207910316
trochee_3_20,trochee_3,-0.3336912653520206,1.060859685125824,-0.018171404762397456,-0.9214655934305214,-0.5532865173315137,-0.15466381853212008,-0.34632678713475346,-0.04714045207910316
trochee_4_1,trochee_4,0.03808469485684695,-0.626014206366295,-0.49713813093528025,1.177248613642526,1.529315350305134,-0.33183694887837706,-0.34632678713475346,-0.04714045207910316
trochee_4_2,trochee_4,-0.3620380965455805,0.5133600175684826,-0.588707209882103,0.32368997942727934,1.0271875382982885,-0.3348026101849745,-0.34632678713475346,-0.04714045207910316
trochee_4_3,trochee_4,-0.5243575069815029,1.0390577583171632,-0.7814305636727181,0.10785631204335906,0.6481076724106463,0.2616925517327552,-0.34632678713475346,-0.04714045207910316
trochee_4_4,trochee_4,0.814082671140019,0.3120894444853983,-1.613810791775,-0.2459091993702725,0.6727312613682157,0.8103925162550708,-0.34632678713475346,-0.04714045207910316
trochee_4_5,trochee_4,-0.18190466265667693,0.35805773204879415,-0.20314190390644496,-0.49172185617819014,1.239045225224027,0.8575650182909094,-0.34632678713475346,-0.04714045207910316
trochee_4_6,trochee_4,-0.33554215094556067,0.8183532549299213,-0.5406304334383087,-0.14085620744001703,-0.08044339698798862,2.64714639805677,-0.34632678713475346,-0.04714045207910316
trochee_4_7,trochee_4,1.0855286376452133,0.43352827919548503,-1.9570770358545397,-0.7020969113560667,1.3589429331017082,-0.3569143157536332,-0.34632678713475346,-0.04714045207910316
trochee_4_8,trochee_4,-0.6485886009997727,0.13932870795903632,-0.1931087828681672,0.4314068252233017,2.3120665245853496,0.9012338733540918,-0.34632678713475346,-0.04714045207910316
trochee_4_9,trochee_4,0.1999884967317208,1.0085164577682817,-1.6294939773217858,-0.38769971174745804,1.0995620751078545,1.4431774058921563,-0.34632678713475346,-0.04714045207910316
trochee_4_10,trochee_4,0.45047021641543505,0.4596817977103917,-1.6724548533412251,0.5339200178604157,0.3574512864961859,-0.3482671224435293,-0.34632678713475346,-0.04714045207910316
trochee_4_11,trochee_4,0.009461321192107436,0.04308010382578966,-0.6793843822158078,0.33725754762585386,1.0095827679983047,1.4625036868587575,3.0235632917052513,-0.04714045207910316
trochee_4_12,trochee_4,0.6917976725123473,-0.7307861754500082,-0.412167906255682,0.15442996497476155,0.485057008956616,0.8364991626084303,2.9750368745699554,-0.04714045207910316
trochee_4_13,trochee_4,0.16169091421348059,-0.21562911040272853,-0.34878139563938326,0.14619872910237372,1.1234662612023298,-0.3387119638252217,-0.34632678713475346,-0.04714045207910316
trochee_4_14,trochee_4,-0.16680078114324254,0.2734570862263448,-0.47606354547130725,-0.0794382191538852,1.2431799673690178,2.057721817646336,-0.34632678713475346,-0.04714045207910316
trochee_4_15,trochee_4,-0.07065426760245093,0.3100831519585758,-1.1831272584182413,0.9287081543111627,0.771584447028562,0.8633973477792171,-0.34632678713475346,-0.04714045207910316
trochee_4_16,trochee_4,0.09841397734097126,-0.23969625315512255,-0.50027819836616,0.07619624174091974,2.2164621313258306,0.26429312183774345,-0.34632678713475346,-0.04714045207910316
trochee_4_17,trochee_4,0.05872924305148055,0.12663537428915234,-0.3302866741918685,-0.17617108029515388,0.6411227478507417,0.25910320912956925,3.014470226193001,-0.04714045207910316
trochee_4_18,trochee_4,0.3952227833045897,0.699197822792333,-1.962830266337005,-0.030319808361393367,1.8984482769889177,0.8346085716954823,-0.34632678713475346,-0.04714045207910316
trochee_4_19,trochee_4,-0.3147808209204841,0.9156367460661772,-1.149079875315668,0.4677616753391115,0.5065099108395277,-0.3422512725787377,2.9982257723154766,-0.04714045207910316
trochee_4_20,trochee_4,0.30562517296601116,-0.4565295607781215,-0.5658472074956045,0.4477859256018694,1.4738305257731914,-0.3400038418745325,-0.34632678713475346,-0.04714045207910316
trochee_4_21,trochee_4,0.06180406178419268,0.1043842856466709,0.03931307784223377,-0.25636470175653825,-0.0912039773870315,-0.9378204091931112,-0.34632678713475346,-0.04714045207910316
trochee_4_22,trochee_4,-0.8781067985189696,1.0104503914913945,-0.33471061551412895,-0.2214967690423452,1.7834331640752323,0.27746696875314997,3.0660331392741935,-0.04714045207910316
trochee_4_23,trochee_4,-0.029775850892610374,0.17655244535045408,-0.6675696895476237,0.3092019727564633,0.7552950140043477,0.8546629944318296,3.0090379034343893,-0.04714045207910316
trochee_4_24,trochee_4,0.36009143010938455,-0.26147143693396246,-0.3898985885093625,-0.33973261488666767,1.8155812165645189,-0.9378204091931112,-0.34632678713475346,-0.04714045207910316
trochee_4_25,trochee_4,-0.23384351272116335,0.80895261840835,-0.9594889642998227,-0.0991222178709087,1.1114755507300602,1.450870452144451,-0.34632678713475346,-0.04714045207910316
trochee_4_26,trochee_4,-0.21952210706109787,0.8764952959785844,-0.680482240357453,-0.3271773873146845,0.6324338851547897,-0.3409691000564248,-0.34632678713475346,-0.04714045207910316
trochee_4_27,trochee_4,-0.10811026490617501,0.8955747283385233,-0.7891267211979048,-0.6920154572358337,1.075963862595388,0.8364991626084303,-0.34632678713475346,-0.04714045207910316
trochee_4_28,trochee_4,0.637591539808734,0.7307031359982327,-0.9264939044149514,-1.6718072555560761,0.8891730140915836,0.2221688506143818,2.9107636237942884,-0.04714045207910316
trochee_4_29,trochee_4,0.28574894809820006,0.3673994265139156,-0.4447507825472304,-0.6621576399910036,0.12328371718096391,-0.34795353026972636,2.9662034605760597,-0.04714045207910316
trochee_4_30,trochee_4,0.0012994616920531412,1.317248226740024,-1.1137356795724387,-1.0061477699573085,0.925925991301484,-0.9378204091931112,-0.34632678713475346,-0.04714045207910316
trochee_4_31,trochee_4,0.40130279162483057,0.5285967553117983,-0.8144044277879636,-1.103774725814625,1.4219541342150668,-0.34763960430968205,-0.34632678713475346,-0.04714045207910316
trochee_4_32,trochee_4,-0.678010393928111,0.7135968288306804,-0.5434981411838378,0.7400034447529199,0.5486189002353431,-0.9378204091931112,3.0437422742132756,-0.04714045207910316
trochee_4_33,trochee_4,0.46959268696749346,0.07481005539832877,-1.1538087140838142,-0.1063990034676868,1.5531061612837378,0.8383937910887307,-0.34632678713475346,-0.04714045207910316
trochee_4_34,trochee_4,-0.08952315393895881,1.0018786277541063,-1.2061918474558508,-0.5161384664560827,1.579806417863525,0.8498470798600269,-0.34632678713475346,-0.04714045207910316
trochee_4_35,trochee_4,-0.09708009478181652,0.8388688210879073,-0.7378566782955854,-0.7434797599995573,1.101542322532705,1.4444561372643825,-0.34632678713475346,-0.04714045207910316
trochee_4_36,trochee_4,0.07128131921013327,0.8768915067146889,-1.0841969070550501,-0.3418358380424089,0.599838382870679,-0.3470107488969133,-0.34632678713475346,-0.04714045207910316
trochee_4_37,trochee_4,0.5207154915104122,-0.14533534530016992,-1.116196889557898,0.38767365545738763,0.8450935245871628,0.8393426234606762,-0.34632678713475346,-0.04714045207910316
trochee_4_38,trochee_4,-0.5527068001098044,0.34482196765242484,-0.09246279778598655,0.3029129501510974,1.0409997234390327,-0.3324985028743539,-0.34632678713475346,-0.04714045207910316
trochee_4_39,trochee_4,-0.3699915205391547,0.5795462428967073,-0.9984176096350349,0.40023924328128596,1.9812087950770527,0.2655976400483033,-0.34632678713475346,-0.04714045207910316
trochee_4_40,trochee_4,0.12014426215304613,-0.19145080222548191,-0.8060362522839339,0.6826419332170868,1.2913797965477278,0.8821189765442465,-0.34632678713475346,-0.04714045207910316
trochee_4_41,trochee_4,0.2641873123497847,0.342055122203713,-0.9460258024172076,-0.21784488337149938,0.9483531271819082,0.8317802275770431,-0.34632678713475346,-0.04714045207910316
trochee_4_42,trochee_4,-0.1584417612830567,0.5422572878159737,-0.9917905561939129,0.15988109954346746,1.2514763151704993,2.064209185760769,-0.34632678713475346,-0.04714045207910316
trochee_4_43,trochee_4,0.03895079279899143,0.5368546759537929,-1.2430117860024672,0.40524009755039914,0.735598982893655,0.8441020316895295,-0.34632678713475346,-0.04714045207910316
trochee_4_44,trochee_4,-0.08917631045703764,1.2923320099280586,-1.4398508750704342,-0.40783339543767416,0.587995241103243,2.0052521289596577,-0.34632678713475346,-0.04714045207910316
trochee_4_45,trochee_4,0.2721946181771166,1.0308900174809927,-1.7110130570537014,-0.2587319843768449,0.9240698979991776,-0.35200438575097515,-0.34632678713475346,-0.04714045207910316
trochee_4_46,trochee_4,0.04005734761733729,0.3600028055135142,-0.2766730532453327,-1.1526179018044642,2.1674930892311277,0.25203981867809416,-0.34632678713475346,-0.04714045207910316
trochee_4_47,trochee_4,0.1410713056304821,-0.3178842302892071,-0.4562790229933746,0.24685625082448256,1.8489390941897421,-0.33773938518014396,-0.34632678713475346,-0.04714045207910316
trochee_4_48,trochee_4,0.14879091845161876,-0.0489868262734356,-0.371468892571603,0.14694923826502837,0.384311194532581,0.25203981867809416,-0.34632678713475346,-0.04714045207910316
trochee_4_49,trochee_4,-0.1255450499414522,0.1916244127496112,0.5732956623768787,-1.5010965653929909,1.5820469904698846,0.2545986578778172,-0.34632678713475346,-0.04714045207910316
trochee_4_50,trochee_4,-0.026760520762148046,-0.10267086734346728,-0.9280116554524701,0.612132308230347,2.3312330184898573,0.8633973477792171,-0.34632678713475346,-0.04714045207910316
trochee_5_1,trochee_5,0.29843226324432687,0.4364750794377986,-0.721189212622585,-0.038377377756562844,-0.7387635935483143,-0.4751797198414368,-0.34632678713475346,-0.04714045207910316
trochee_5_2,trochee_5,0.4083369224438598,1.2707897976467244,-1.7272172097207563,-0.2567336820776775,-0.8543480774017,-0.9378204091931112,-0.34632678713475346,21.16606298351732
trochee_5_3,trochee_5,-0.3476920483426222,0.8987779076395789,-0.4379056404691729,0.14581950734059765,-0.911767343384447,-0.47187514348892484,-0.34632678713475346,-0.04714045207910316
trochee_5_4,trochee_5,0.026172837994502495,1.4134612676820404,-0.7034825496643952,-0.9660433602839632,-1.3073198014038945,-0.9378204091931112,-0.34632678713475346,-0.04714045207910316
trochee_5_5,trochee_5,0.17065344879388153,1.2998642465855754,-0.5503809908002496,-1.3466286313846871,-1.2259826562992489,-0.48351900305793566,-0.34632678713475346,-0.04714045207910316
trochee_5_6,trochee_5,0.15212004506481502,1.0281243969053941,-0.13196961016951303,-1.4622862914177313,-1.1286293617211163,-0.48146249463510155,-0.34632678713475346,-0.04714045207910316
trochee_5_7,trochee_5,0.0034027362179617914,0.9813557101282748,-0.8294647641030167,-0.22996922481669047,-0.7441472313415411,-0.9378204091931112,2.244171077131606,-0.04714045207910316
trochee_5_8,trochee_5,0.4323680711874204,0.9466604848202842,-1.6606010949174272,-0.28142283246303257,0.3364165220619149,-0.4805215504813736,-0.34632678713475346,-0.04714045207910316
trochee_5_9,trochee_5,0.4256540545899851,0.940558507218545,-1.2735929414367984,-0.4991509723450907,-0.7525441776706747,0.8989493338726666,-0.34632678713475346,-0.04714045207910316
trochee_5_10,trochee_5,0.6947383782677985,-0.009644541601749572,-0.7804632542571579,-0.19522263652864277,-0.19109381175450407,-0.4765268433129267,-0.34632678713475346,-0.04714045207910316
trochee_6_1,trochee_6,-1.3059271178703629,0.54873678221808,1.324050058962442,0.2700185290319698,-1.0704653571086913,-0.13857735883205646,-0.34632678713475346,-0.04714045207910316
trochee_6_2,trochee_6,-1.856333879574481,0.5185683543386121,2.228159729049687,0.0756511681189313,-0.6474318212276948,-0.9378204091931112,-0.34632678713475346,-0.04714045207910316
trochee_6_3,trochee_6,-1.2871773976731944,0.7279818183415178,1.613496473896161,-0.4593613986238199,-1.1595808419013705,-0.14372822704061317,-0.34632678713475346,-0.04714045207910316
trochee_6_4,trochee_6,-1.1908097909181061,0.5184936147681084,1.5604166484670612,-0.33555353698828977,-0.7615849600852385,-0.5404897992411357,-0.34632678713475346,-0.04714045207910316
trochee_6_5,trochee_6,-0.9719104627700488,0.24212615092348763,1.4936618166106939,-0.41397722879353843,-0.21347930730921763,-0.5417669333445527,-0.34632678713475346,-0.04714045207910316
trochee_6_6,trochee_6,-0.9762680487027374,0.20105257325965273,1.6205058747451806,-0.27324136686443057,-0.7700510648314712,-0.9378204091931112,-0.34632678713475346,-0.04714045207910316
trochee_6_7,trochee_6,0.29531348788181366,-0.41225440286520143,0.5032376686258447,-0.42396999805610525,-0.343120721015768,-0.5504820465050345,-0.34632678713475346,-0.04714045207910316
trochee_6_8,trochee_6,-1.3473133253742324,0.10559442430590892,1.6433627038102758,0.27720949031860664,0.07529559937943126,-0.5339785547226219,-0.34632678713475346,-0.04714045207910316
trochee_6_9,trochee_6,-1.4165344382550613,0.3635704308987058,1.8073805117606923,0.1081975711262653,-0.9934854636733466,-0.14001484633270583,-0.34632678713475346,-0.04714045207910316
trochee_6_10,trochee_6,-1.6232216660865841,0.6150719085252688,1.4769175939443053,0.27955879644334,-0.1659092298060964,-0.533831435649955,-0.34632678713475346,-0.04714045207910316
