cs,token,25,1,0.1125
cs,token,25,2,0
cs,pos,25,1,0.075
cs,pos,25,2,0.1375
cs,syl,25,1,0.1125
cs,syl,25,2,0.3875
cs,pos_syl,25,1,0.2375
cs,pos_syl,25,2,0.3
cs,token,50,1,0.1375
cs,token,50,2,0.05
cs,pos,50,1,0.0375
cs,pos,50,2,0.2125
cs,syl,50,1,0.275
cs,syl,50,2,0.6125
cs,pos_syl,50,1,0.2875
cs,pos_syl,50,2,0.4125
cs,token,100,1,0.2625
cs,token,100,2,0.075
cs,pos,100,1,0.2
cs,pos,100,2,0.2375
cs,syl,100,1,0.3875
cs,syl,100,2,0.725
cs,pos_syl,100,1,0.3375
cs,pos_syl,100,2,0.5125
cs,token,200,1,0.225
cs,token,200,2,0.1125
cs,pos,200,1,0.2875
cs,pos,200,2,0.2375
cs,syl,200,1,0.5
cs,syl,200,2,0.85
cs,pos_syl,200,1,0.6125
cs,pos_syl,200,2,0.625
cs,token,300,1,0.35
cs,token,300,2,0.0875
cs,pos,300,1,0.3
cs,pos,300,2,0.475
cs,syl,300,1,0.55
cs,syl,300,2,0.85
cs,pos_syl,300,1,0.5875
cs,pos_syl,300,2,0.6875
cs,token,500,1,0.3875
cs,token,500,2,0.1875
cs,pos,500,1,0.4875
cs,pos,500,2,0.675
cs,syl,500,1,0.575
cs,syl,500,2,0.95
cs,pos_syl,500,1,0.6375
cs,pos_syl,500,2,0.8625
cs,token,750,1,0.5
cs,token,750,2,0.3
cs,pos,750,1,0.55
cs,pos,750,2,0.7
cs,syl,750,1,0.625
cs,syl,750,2,0.9625
cs,pos_syl,750,1,0.775
cs,pos_syl,750,2,0.9375
cs,token,1000,1,0.575
cs,token,1000,2,0.2875
cs,pos,1000,1,0.7625
cs,pos,1000,2,0.725
cs,syl,1000,1,0.775
cs,syl,1000,2,1
cs,pos_syl,1000,1,0.925
cs,pos_syl,1000,2,0.9625
cs,token,25,1,0.1375
cs,token,25,2,0.0125
cs,pos,25,1,0.1125
cs,pos,25,2,0.2375
cs,syl,25,1,0.2125
cs,syl,25,2,0.45
cs,pos_syl,25,1,0.275
cs,pos_syl,25,2,0.425
cs,token,50,1,0.15
cs,token,50,2,0.0875
cs,pos,50,1,0.0875
cs,pos,50,2,0.225
cs,syl,50,1,0.225
cs,syl,50,2,0.575
cs,pos_syl,50,1,0.1625
cs,pos_syl,50,2,0.3375
cs,token,100,1,0.175
cs,token,100,2,0.125
cs,pos,100,1,0.15
cs,pos,100,2,0.275
cs,syl,100,1,0.3375
cs,syl,100,2,0.6375
cs,pos_syl,100,1,0.3375
cs,pos_syl,100,2,0.5375
cs,token,200,1,0.2875
cs,token,200,2,0.05
cs,pos,200,1,0.3
cs,pos,200,2,0.4125
cs,syl,200,1,0.475
cs,syl,200,2,0.85
cs,pos_syl,200,1,0.4
cs,pos_syl,200,2,0.6
cs,token,300,1,0.3375
cs,token,300,2,0.15
cs,pos,300,1,0.25
cs,pos,300,2,0.375
cs,syl,300,1,0.5625
cs,syl,300,2,0.925
cs,pos_syl,300,1,0.5375
cs,pos_syl,300,2,0.625
cs,token,500,1,0.4375
cs,token,500,2,0.175
cs,pos,500,1,0.5
cs,pos,500,2,0.625
cs,syl,500,1,0.7
cs,syl,500,2,0.9375
cs,pos_syl,500,1,0.7125
cs,pos_syl,500,2,0.775
cs,token,750,1,0.4
cs,token,750,2,0.225
cs,pos,750,1,0.5125
cs,pos,750,2,0.6625
cs,syl,750,1,0.675
cs,syl,750,2,0.9875
cs,pos_syl,750,1,0.7875
cs,pos_syl,750,2,0.875
cs,token,1000,1,0.4875
cs,token,1000,2,0.225
cs,pos,1000,1,0.575
cs,pos,1000,2,0.75
cs,syl,1000,1,0.75
cs,syl,1000,2,0.9625
cs,pos_syl,1000,1,0.8625
cs,pos_syl,1000,2,0.925
cs,token,25,1,0.05
cs,token,25,2,0
cs,pos,25,1,0.075
cs,pos,25,2,0.15
cs,syl,25,1,0.275
cs,syl,25,2,0.45
cs,pos_syl,25,1,0.2
cs,pos_syl,25,2,0.4
cs,token,50,1,0.15
cs,token,50,2,0.0375
cs,pos,50,1,0.1625
cs,pos,50,2,0.25
cs,syl,50,1,0.2125
cs,syl,50,2,0.4
cs,pos_syl,50,1,0.3375
cs,pos_syl,50,2,0.4875
cs,token,100,1,0.2
cs,token,100,2,0.05
cs,pos,100,1,0.2625
cs,pos,100,2,0.2375
cs,syl,100,1,0.2875
cs,syl,100,2,0.6
cs,pos_syl,100,1,0.2875
cs,pos_syl,100,2,0.4375
cs,token,200,1,0.25
cs,token,200,2,0.0875
cs,pos,200,1,0.1875
cs,pos,200,2,0.325
cs,syl,200,1,0.55
cs,syl,200,2,0.875
cs,pos_syl,200,1,0.6375
cs,pos_syl,200,2,0.5875
cs,token,300,1,0.1625
cs,token,300,2,0.1625
cs,pos,300,1,0.4
cs,pos,300,2,0.525
cs,syl,300,1,0.5875
cs,syl,300,2,0.925
cs,pos_syl,300,1,0.5
cs,pos_syl,300,2,0.675
cs,token,500,1,0.3375
cs,token,500,2,0.125
cs,pos,500,1,0.3875
cs,pos,500,2,0.4875
cs,syl,500,1,0.65
cs,syl,500,2,0.9625
cs,pos_syl,500,1,0.6625
cs,pos_syl,500,2,0.825
cs,token,750,1,0.3625
cs,token,750,2,0.2125
cs,pos,750,1,0.5125
cs,pos,750,2,0.7125
cs,syl,750,1,0.6875
cs,syl,750,2,0.95
cs,pos_syl,750,1,0.7125
cs,pos_syl,750,2,0.8625
cs,token,1000,1,0.525
cs,token,1000,2,0.275
cs,pos,1000,1,0.725
cs,pos,1000,2,0.7625
cs,syl,1000,1,0.7125
cs,syl,1000,2,0.9375
cs,pos_syl,1000,1,0.8875
cs,pos_syl,1000,2,0.9375
cs,token,25,1,0.025
cs,token,25,2,0
cs,pos,25,1,0.175
cs,pos,25,2,0.0875
cs,syl,25,1,0.2375
cs,syl,25,2,0.2875
cs,pos_syl,25,1,0.2125
cs,pos_syl,25,2,0.3375
cs,token,50,1,0.1125
cs,token,50,2,0.0875
cs,pos,50,1,0.0875
cs,pos,50,2,0.175
cs,syl,50,1,0.225
cs,syl,50,2,0.475
cs,pos_syl,50,1,0.2875
cs,pos_syl,50,2,0.4125
cs,token,100,1,0.2125
cs,token,100,2,0.075
cs,pos,100,1,0.275
cs,pos,100,2,0.25
cs,syl,100,1,0.3
cs,syl,100,2,0.6875
cs,pos_syl,100,1,0.35
cs,pos_syl,100,2,0.475
cs,token,200,1,0.2875
cs,token,200,2,0.1375
cs,pos,200,1,0.25
cs,pos,200,2,0.275
cs,syl,200,1,0.475
cs,syl,200,2,0.775
cs,pos_syl,200,1,0.4875
cs,pos_syl,200,2,0.575
cs,token,300,1,0.2625
cs,token,300,2,0.1125
cs,pos,300,1,0.3125
cs,pos,300,2,0.45
cs,syl,300,1,0.5125
cs,syl,300,2,0.95
cs,pos_syl,300,1,0.5375
cs,pos_syl,300,2,0.775
cs,token,500,1,0.4125
cs,token,500,2,0.1625
cs,pos,500,1,0.425
cs,pos,500,2,0.5375
cs,syl,500,1,0.6
cs,syl,500,2,0.9125
cs,pos_syl,500,1,0.6875
cs,pos_syl,500,2,0.875
cs,token,750,1,0.425
cs,token,750,2,0.2375
cs,pos,750,1,0.525
cs,pos,750,2,0.8375
cs,syl,750,1,0.6875
cs,syl,750,2,0.9375
cs,pos_syl,750,1,0.75
cs,pos_syl,750,2,0.8875
cs,token,1000,1,0.55
cs,token,1000,2,0.3125
cs,pos,1000,1,0.725
cs,pos,1000,2,0.8
cs,syl,1000,1,0.8125
cs,syl,1000,2,1
cs,pos_syl,1000,1,0.9
cs,pos_syl,1000,2,0.95
cs,token,25,1,0.0875
cs,token,25,2,0
cs,pos,25,1,0.125
cs,pos,25,2,0.1
cs,syl,25,1,0.2625
cs,syl,25,2,0.275
cs,pos_syl,25,1,0.1875
cs,pos_syl,25,2,0.3125
cs,token,50,1,0.075
cs,token,50,2,0.0875
cs,pos,50,1,0.15
cs,pos,50,2,0.225
cs,syl,50,1,0.325
cs,syl,50,2,0.5125
cs,pos_syl,50,1,0.3125
cs,pos_syl,50,2,0.3875
cs,token,100,1,0.125
cs,token,100,2,0.15
cs,pos,100,1,0.15
cs,pos,100,2,0.275
cs,syl,100,1,0.3875
cs,syl,100,2,0.5875
cs,pos_syl,100,1,0.3125
cs,pos_syl,100,2,0.45
cs,token,200,1,0.275
cs,token,200,2,0.0625
cs,pos,200,1,0.225
cs,pos,200,2,0.4
cs,syl,200,1,0.475
cs,syl,200,2,0.8625
cs,pos_syl,200,1,0.4875
cs,pos_syl,200,2,0.5
cs,token,300,1,0.35
cs,token,300,2,0.125
cs,pos,300,1,0.275
cs,pos,300,2,0.4375
cs,syl,300,1,0.5375
cs,syl,300,2,0.8875
cs,pos_syl,300,1,0.7
cs,pos_syl,300,2,0.7625
cs,token,500,1,0.5625
cs,token,500,2,0.2375
cs,pos,500,1,0.3625
cs,pos,500,2,0.5875
cs,syl,500,1,0.6125
cs,syl,500,2,0.95
cs,pos_syl,500,1,0.65
cs,pos_syl,500,2,0.8875
cs,token,750,1,0.4375
cs,token,750,2,0.2
cs,pos,750,1,0.6
cs,pos,750,2,0.7125
cs,syl,750,1,0.6125
cs,syl,750,2,0.9375
cs,pos_syl,750,1,0.825
cs,pos_syl,750,2,0.9125
cs,token,1000,1,0.525
cs,token,1000,2,0.3375
cs,pos,1000,1,0.6625
cs,pos,1000,2,0.7875
cs,syl,1000,1,0.7125
cs,syl,1000,2,1
cs,pos_syl,1000,1,0.8625
cs,pos_syl,1000,2,0.9
de,token,25,1,0.3
de,token,25,2,0
de,pos,25,1,0.2
de,pos,25,2,0.425
de,syl,25,1,0.2
de,syl,25,2,0.25
de,pos_syl,25,1,0.225
de,pos_syl,25,2,0.4
de,token,50,1,0.35
de,token,50,2,0.175
de,pos,50,1,0.35
de,pos,50,2,0.45
de,syl,50,1,0.325
de,syl,50,2,0.325
de,pos_syl,50,1,0.375
de,pos_syl,50,2,0.4
de,token,100,1,0.25
de,token,100,2,0.175
de,pos,100,1,0.35
de,pos,100,2,0.325
de,syl,100,1,0.25
de,syl,100,2,0.575
de,pos_syl,100,1,0.325
de,pos_syl,100,2,0.575
de,token,200,1,0.375
de,token,200,2,0.125
de,pos,200,1,0.575
de,pos,200,2,0.5
de,syl,200,1,0.35
de,syl,200,2,0.525
de,pos_syl,200,1,0.775
de,pos_syl,200,2,0.6
de,token,300,1,0.6
de,token,300,2,0.4
de,pos,300,1,0.625
de,pos,300,2,0.525
de,syl,300,1,0.65
de,syl,300,2,0.625
de,pos_syl,300,1,0.825
de,pos_syl,300,2,0.725
de,token,500,1,0.6
de,token,500,2,0.475
de,pos,500,1,0.75
de,pos,500,2,0.8
de,syl,500,1,0.475
de,syl,500,2,0.75
de,pos_syl,500,1,0.825
de,pos_syl,500,2,0.725
de,token,750,1,0.775
de,token,750,2,0.575
de,pos,750,1,0.875
de,pos,750,2,0.875
de,syl,750,1,0.675
de,syl,750,2,0.85
de,pos_syl,750,1,0.9
de,pos_syl,750,2,0.9
de,token,1000,1,0.85
de,token,1000,2,0.5
de,pos,1000,1,0.95
de,pos,1000,2,0.925
de,syl,1000,1,0.525
de,syl,1000,2,0.975
de,pos_syl,1000,1,0.975
de,pos_syl,1000,2,0.925
de,token,25,1,0.225
de,token,25,2,0
de,pos,25,1,0.125
de,pos,25,2,0.15
de,syl,25,1,0.25
de,syl,25,2,0.375
de,pos_syl,25,1,0.125
de,pos_syl,25,2,0.2
de,token,50,1,0.35
de,token,50,2,0.125
de,pos,50,1,0.1
de,pos,50,2,0.35
de,syl,50,1,0.175
de,syl,50,2,0.35
de,pos_syl,50,1,0.325
de,pos_syl,50,2,0.25
de,token,100,1,0.5
de,token,100,2,0.225
de,pos,100,1,0.175
de,pos,100,2,0.25
de,syl,100,1,0.4
de,syl,100,2,0.475
de,pos_syl,100,1,0.35
de,pos_syl,100,2,0.525
de,token,200,1,0.4
de,token,200,2,0.225
de,pos,200,1,0.525
de,pos,200,2,0.35
de,syl,200,1,0.5
de,syl,200,2,0.775
de,pos_syl,200,1,0.625
de,pos_syl,200,2,0.775
de,token,300,1,0.525
de,token,300,2,0.4
de,pos,300,1,0.525
de,pos,300,2,0.55
de,syl,300,1,0.475
de,syl,300,2,0.525
de,pos_syl,300,1,0.7
de,pos_syl,300,2,0.65
de,token,500,1,0.45
de,token,500,2,0.4
de,pos,500,1,0.675
de,pos,500,2,0.725
de,syl,500,1,0.575
de,syl,500,2,0.725
de,pos_syl,500,1,0.8
de,pos_syl,500,2,0.625
de,token,750,1,0.8
de,token,750,2,0.375
de,pos,750,1,0.8
de,pos,750,2,0.75
de,syl,750,1,0.625
de,syl,750,2,0.825
de,pos_syl,750,1,0.9
de,pos_syl,750,2,0.75
de,token,1000,1,0.7
de,token,1000,2,0.525
de,pos,1000,1,0.925
de,pos,1000,2,0.925
de,syl,1000,1,0.6
de,syl,1000,2,0.975
de,pos_syl,1000,1,0.9
de,pos_syl,1000,2,0.775
de,token,25,1,0.025
de,token,25,2,0.025
de,pos,25,1,0.1
de,pos,25,2,0.225
de,syl,25,1,0.25
de,syl,25,2,0.375
de,pos_syl,25,1,0.175
de,pos_syl,25,2,0.3
de,token,50,1,0.225
de,token,50,2,0.275
de,pos,50,1,0.275
de,pos,50,2,0.225
de,syl,50,1,0.275
de,syl,50,2,0.325
de,pos_syl,50,1,0.2
de,pos_syl,50,2,0.35
de,token,100,1,0.3
de,token,100,2,0.275
de,pos,100,1,0.4
de,pos,100,2,0.425
de,syl,100,1,0.325
de,syl,100,2,0.45
de,pos_syl,100,1,0.55
de,pos_syl,100,2,0.425
de,token,200,1,0.45
de,token,200,2,0.3
de,pos,200,1,0.525
de,pos,200,2,0.525
de,syl,200,1,0.45
de,syl,200,2,0.55
de,pos_syl,200,1,0.525
de,pos_syl,200,2,0.7
de,token,300,1,0.45
de,token,300,2,0.375
de,pos,300,1,0.65
de,pos,300,2,0.475
de,syl,300,1,0.4
de,syl,300,2,0.725
de,pos_syl,300,1,0.65
de,pos_syl,300,2,0.7
de,token,500,1,0.55
de,token,500,2,0.475
de,pos,500,1,0.75
de,pos,500,2,0.65
de,syl,500,1,0.5
de,syl,500,2,0.775
de,pos_syl,500,1,0.825
de,pos_syl,500,2,0.7
de,token,750,1,0.775
de,token,750,2,0.45
de,pos,750,1,0.95
de,pos,750,2,0.85
de,syl,750,1,0.6
de,syl,750,2,0.875
de,pos_syl,750,1,1
de,pos_syl,750,2,0.85
de,token,1000,1,0.8
de,token,1000,2,0.55
de,pos,1000,1,0.85
de,pos,1000,2,0.875
de,syl,1000,1,0.85
de,syl,1000,2,0.975
de,pos_syl,1000,1,0.875
de,pos_syl,1000,2,0.9
de,token,25,1,0.225
de,token,25,2,0
de,pos,25,1,0.275
de,pos,25,2,0.375
de,syl,25,1,0.275
de,syl,25,2,0.425
de,pos_syl,25,1,0.225
de,pos_syl,25,2,0.25
de,token,50,1,0.175
de,token,50,2,0.175
de,pos,50,1,0.3
de,pos,50,2,0.275
de,syl,50,1,0.175
de,syl,50,2,0.45
de,pos_syl,50,1,0.325
de,pos_syl,50,2,0.2
de,token,100,1,0.325
de,token,100,2,0.2
de,pos,100,1,0.275
de,pos,100,2,0.35
de,syl,100,1,0.275
de,syl,100,2,0.5
de,pos_syl,100,1,0.4
de,pos_syl,100,2,0.575
de,token,200,1,0.55
de,token,200,2,0.25
de,pos,200,1,0.325
de,pos,200,2,0.45
de,syl,200,1,0.425
de,syl,200,2,0.65
de,pos_syl,200,1,0.55
de,pos_syl,200,2,0.575
de,token,300,1,0.6
de,token,300,2,0.25
de,pos,300,1,0.575
de,pos,300,2,0.6
de,syl,300,1,0.325
de,syl,300,2,0.625
de,pos_syl,300,1,0.625
de,pos_syl,300,2,0.525
de,token,500,1,0.575
de,token,500,2,0.45
de,pos,500,1,0.775
de,pos,500,2,0.85
de,syl,500,1,0.45
de,syl,500,2,0.75
de,pos_syl,500,1,0.75
de,pos_syl,500,2,0.775
de,token,750,1,0.85
de,token,750,2,0.525
de,pos,750,1,0.9
de,pos,750,2,0.75
de,syl,750,1,0.55
de,syl,750,2,0.75
de,pos_syl,750,1,0.925
de,pos_syl,750,2,0.825
de,token,1000,1,0.775
de,token,1000,2,0.5
de,pos,1000,1,0.975
de,pos,1000,2,0.85
de,syl,1000,1,0.575
de,syl,1000,2,0.9
de,pos_syl,1000,1,0.975
de,pos_syl,1000,2,0.9
de,token,25,1,0.125
de,token,25,2,0
de,pos,25,1,0.15
de,pos,25,2,0.425
de,syl,25,1,0.1
de,syl,25,2,0.225
de,pos_syl,25,1,0.225
de,pos_syl,25,2,0.25
de,token,50,1,0.225
de,token,50,2,0.175
de,pos,50,1,0.2
de,pos,50,2,0.4
de,syl,50,1,0.225
de,syl,50,2,0.45
de,pos_syl,50,1,0.35
de,pos_syl,50,2,0.225
de,token,100,1,0.225
de,token,100,2,0.15
de,pos,100,1,0.375
de,pos,100,2,0.35
de,syl,100,1,0.3
de,syl,100,2,0.575
de,pos_syl,100,1,0.4
de,pos_syl,100,2,0.575
de,token,200,1,0.525
de,token,200,2,0.325
de,pos,200,1,0.475
de,pos,200,2,0.325
de,syl,200,1,0.425
de,syl,200,2,0.475
de,pos_syl,200,1,0.425
de,pos_syl,200,2,0.675
de,token,300,1,0.55
de,token,300,2,0.35
de,pos,300,1,0.625
de,pos,300,2,0.675
de,syl,300,1,0.5
de,syl,300,2,0.775
de,pos_syl,300,1,0.675
de,pos_syl,300,2,0.7
de,token,500,1,0.5
de,token,500,2,0.375
de,pos,500,1,0.85
de,pos,500,2,0.7
de,syl,500,1,0.575
de,syl,500,2,0.725
de,pos_syl,500,1,0.95
de,pos_syl,500,2,0.725
de,token,750,1,0.65
de,token,750,2,0.55
de,pos,750,1,0.925
de,pos,750,2,0.75
de,syl,750,1,0.55
de,syl,750,2,0.775
de,pos_syl,750,1,0.925
de,pos_syl,750,2,0.7
de,token,1000,1,0.775
de,token,1000,2,0.6
de,pos,1000,1,0.875
de,pos,1000,2,0.95
de,syl,1000,1,0.7
de,syl,1000,2,0.85
de,pos_syl,1000,1,0.975
de,pos_syl,1000,2,0.9
ru,token,25,1,0.0823529411764706
ru,token,25,2,0.0117647058823529
ru,pos,25,1,0.0941176470588235
ru,pos,25,2,0.129411764705882
ru,syl,25,1,0.164705882352941
ru,syl,25,2,0.0941176470588235
ru,pos_syl,25,1,0.117647058823529
ru,pos_syl,25,2,0.105882352941176
ru,token,50,1,0.105882352941176
ru,token,50,2,0.117647058823529
ru,pos,50,1,0.0588235294117647
ru,pos,50,2,0.247058823529412
ru,syl,50,1,0.0941176470588235
ru,syl,50,2,0.388235294117647
ru,pos_syl,50,1,0.258823529411765
ru,pos_syl,50,2,0.376470588235294
ru,token,100,1,0.2
ru,token,100,2,0.105882352941176
ru,pos,100,1,0.129411764705882
ru,pos,100,2,0.211764705882353
ru,syl,100,1,0.294117647058824
ru,syl,100,2,0.517647058823529
ru,pos_syl,100,1,0.329411764705882
ru,pos_syl,100,2,0.458823529411765
ru,token,200,1,0.294117647058824
ru,token,200,2,0.117647058823529
ru,pos,200,1,0.2
ru,pos,200,2,0.317647058823529
ru,syl,200,1,0.4
ru,syl,200,2,0.811764705882353
ru,pos_syl,200,1,0.552941176470588
ru,pos_syl,200,2,0.6
ru,token,300,1,0.4
ru,token,300,2,0.141176470588235
ru,pos,300,1,0.282352941176471
ru,pos,300,2,0.470588235294118
ru,syl,300,1,0.517647058823529
ru,syl,300,2,0.905882352941176
ru,pos_syl,300,1,0.682352941176471
ru,pos_syl,300,2,0.635294117647059
ru,token,500,1,0.423529411764706
ru,token,500,2,0.164705882352941
ru,pos,500,1,0.458823529411765
ru,pos,500,2,0.458823529411765
ru,syl,500,1,0.741176470588235
ru,syl,500,2,0.964705882352941
ru,pos_syl,500,1,0.823529411764706
ru,pos_syl,500,2,0.882352941176471
ru,token,750,1,0.611764705882353
ru,token,750,2,0.294117647058824
ru,pos,750,1,0.741176470588235
ru,pos,750,2,0.776470588235294
ru,syl,750,1,0.776470588235294
ru,syl,750,2,0.988235294117647
ru,pos_syl,750,1,0.952941176470588
ru,pos_syl,750,2,0.917647058823529
ru,token,1000,1,0.717647058823529
ru,token,1000,2,0.364705882352941
ru,pos,1000,1,0.741176470588235
ru,pos,1000,2,0.835294117647059
ru,syl,1000,1,0.729411764705882
ru,syl,1000,2,1
ru,pos_syl,1000,1,0.941176470588235
ru,pos_syl,1000,2,0.964705882352941
ru,token,25,1,0.0588235294117647
ru,token,25,2,0.0117647058823529
ru,pos,25,1,0.0588235294117647
ru,pos,25,2,0.129411764705882
ru,syl,25,1,0.0941176470588235
ru,syl,25,2,0.223529411764706
ru,pos_syl,25,1,0.117647058823529
ru,pos_syl,25,2,0.211764705882353
ru,token,50,1,0.129411764705882
ru,token,50,2,0.0705882352941176
ru,pos,50,1,0.129411764705882
ru,pos,50,2,0.2
ru,syl,50,1,0.152941176470588
ru,syl,50,2,0.329411764705882
ru,pos_syl,50,1,0.164705882352941
ru,pos_syl,50,2,0.329411764705882
ru,token,100,1,0.129411764705882
ru,token,100,2,0.0117647058823529
ru,pos,100,1,0.105882352941176
ru,pos,100,2,0.235294117647059
ru,syl,100,1,0.164705882352941
ru,syl,100,2,0.482352941176471
ru,pos_syl,100,1,0.352941176470588
ru,pos_syl,100,2,0.423529411764706
ru,token,200,1,0.282352941176471
ru,token,200,2,0.152941176470588
ru,pos,200,1,0.317647058823529
ru,pos,200,2,0.270588235294118
ru,syl,200,1,0.494117647058824
ru,syl,200,2,0.694117647058824
ru,pos_syl,200,1,0.482352941176471
ru,pos_syl,200,2,0.576470588235294
ru,token,300,1,0.364705882352941
ru,token,300,2,0.235294117647059
ru,pos,300,1,0.341176470588235
ru,pos,300,2,0.364705882352941
ru,syl,300,1,0.447058823529412
ru,syl,300,2,0.905882352941176
ru,pos_syl,300,1,0.705882352941177
ru,pos_syl,300,2,0.705882352941177
ru,token,500,1,0.411764705882353
ru,token,500,2,0.164705882352941
ru,pos,500,1,0.529411764705882
ru,pos,500,2,0.529411764705882
ru,syl,500,1,0.682352941176471
ru,syl,500,2,0.952941176470588
ru,pos_syl,500,1,0.847058823529412
ru,pos_syl,500,2,0.741176470588235
ru,token,750,1,0.505882352941176
ru,token,750,2,0.329411764705882
ru,pos,750,1,0.694117647058824
ru,pos,750,2,0.741176470588235
ru,syl,750,1,0.717647058823529
ru,syl,750,2,0.988235294117647
ru,pos_syl,750,1,0.894117647058824
ru,pos_syl,750,2,0.905882352941176
ru,token,1000,1,0.647058823529412
ru,token,1000,2,0.4
ru,pos,1000,1,0.752941176470588
ru,pos,1000,2,0.847058823529412
ru,syl,1000,1,0.858823529411765
ru,syl,1000,2,1
ru,pos_syl,1000,1,0.941176470588235
ru,pos_syl,1000,2,0.917647058823529
ru,token,25,1,0.0588235294117647
ru,token,25,2,0
ru,pos,25,1,0.0352941176470588
ru,pos,25,2,0.0588235294117647
ru,syl,25,1,0.0941176470588235
ru,syl,25,2,0.164705882352941
ru,pos_syl,25,1,0.0705882352941176
ru,pos_syl,25,2,0.129411764705882
ru,token,50,1,0.152941176470588
ru,token,50,2,0.0823529411764706
ru,pos,50,1,0.164705882352941
ru,pos,50,2,0.152941176470588
ru,syl,50,1,0.164705882352941
ru,syl,50,2,0.282352941176471
ru,pos_syl,50,1,0.176470588235294
ru,pos_syl,50,2,0.247058823529412
ru,token,100,1,0.211764705882353
ru,token,100,2,0.0823529411764706
ru,pos,100,1,0.152941176470588
ru,pos,100,2,0.247058823529412
ru,syl,100,1,0.305882352941176
ru,syl,100,2,0.529411764705882
ru,pos_syl,100,1,0.364705882352941
ru,pos_syl,100,2,0.423529411764706
ru,token,200,1,0.258823529411765
ru,token,200,2,0.188235294117647
ru,pos,200,1,0.341176470588235
ru,pos,200,2,0.270588235294118
ru,syl,200,1,0.388235294117647
ru,syl,200,2,0.776470588235294
ru,pos_syl,200,1,0.623529411764706
ru,pos_syl,200,2,0.670588235294118
ru,token,300,1,0.435294117647059
ru,token,300,2,0.247058823529412
ru,pos,300,1,0.352941176470588
ru,pos,300,2,0.341176470588235
ru,syl,300,1,0.529411764705882
ru,syl,300,2,0.858823529411765
ru,pos_syl,300,1,0.635294117647059
ru,pos_syl,300,2,0.705882352941177
ru,token,500,1,0.541176470588235
ru,token,500,2,0.188235294117647
ru,pos,500,1,0.588235294117647
ru,pos,500,2,0.541176470588235
ru,syl,500,1,0.623529411764706
ru,syl,500,2,0.929411764705882
ru,pos_syl,500,1,0.847058823529412
ru,pos_syl,500,2,0.788235294117647
ru,token,750,1,0.576470588235294
ru,token,750,2,0.223529411764706
ru,pos,750,1,0.6
ru,pos,750,2,0.705882352941177
ru,syl,750,1,0.717647058823529
ru,syl,750,2,0.988235294117647
ru,pos_syl,750,1,0.894117647058824
ru,pos_syl,750,2,0.905882352941176
ru,token,1000,1,0.623529411764706
ru,token,1000,2,0.458823529411765
ru,pos,1000,1,0.8
ru,pos,1000,2,0.8
ru,syl,1000,1,0.835294117647059
ru,syl,1000,2,0.988235294117647
ru,pos_syl,1000,1,0.964705882352941
ru,pos_syl,1000,2,0.929411764705882
ru,token,25,1,0.105882352941176
ru,token,25,2,0
ru,pos,25,1,0.105882352941176
ru,pos,25,2,0.105882352941176
ru,syl,25,1,0.141176470588235
ru,syl,25,2,0.164705882352941
ru,pos_syl,25,1,0.141176470588235
ru,pos_syl,25,2,0.188235294117647
ru,token,50,1,0.0588235294117647
ru,token,50,2,0.0470588235294118
ru,pos,50,1,0.129411764705882
ru,pos,50,2,0.2
ru,syl,50,1,0.129411764705882
ru,syl,50,2,0.282352941176471
ru,pos_syl,50,1,0.152941176470588
ru,pos_syl,50,2,0.329411764705882
ru,token,100,1,0.141176470588235
ru,token,100,2,0.0941176470588235
ru,pos,100,1,0.117647058823529
ru,pos,100,2,0.247058823529412
ru,syl,100,1,0.235294117647059
ru,syl,100,2,0.552941176470588
ru,pos_syl,100,1,0.364705882352941
ru,pos_syl,100,2,0.364705882352941
ru,token,200,1,0.258823529411765
ru,token,200,2,0.211764705882353
ru,pos,200,1,0.294117647058824
ru,pos,200,2,0.294117647058824
ru,syl,200,1,0.388235294117647
ru,syl,200,2,0.835294117647059
ru,pos_syl,200,1,0.6
ru,pos_syl,200,2,0.623529411764706
ru,token,300,1,0.364705882352941
ru,token,300,2,0.2
ru,pos,300,1,0.352941176470588
ru,pos,300,2,0.447058823529412
ru,syl,300,1,0.388235294117647
ru,syl,300,2,0.929411764705882
ru,pos_syl,300,1,0.705882352941177
ru,pos_syl,300,2,0.670588235294118
ru,token,500,1,0.505882352941176
ru,token,500,2,0.247058823529412
ru,pos,500,1,0.505882352941176
ru,pos,500,2,0.517647058823529
ru,syl,500,1,0.658823529411765
ru,syl,500,2,0.964705882352941
ru,pos_syl,500,1,0.835294117647059
ru,pos_syl,500,2,0.894117647058824
ru,token,750,1,0.552941176470588
ru,token,750,2,0.364705882352941
ru,pos,750,1,0.623529411764706
ru,pos,750,2,0.729411764705882
ru,syl,750,1,0.741176470588235
ru,syl,750,2,0.964705882352941
ru,pos_syl,750,1,0.905882352941176
ru,pos_syl,750,2,0.905882352941176
ru,token,1000,1,0.788235294117647
ru,token,1000,2,0.364705882352941
ru,pos,1000,1,0.752941176470588
ru,pos,1000,2,0.8
ru,syl,1000,1,0.764705882352941
ru,syl,1000,2,0.988235294117647
ru,pos_syl,1000,1,0.870588235294118
ru,pos_syl,1000,2,0.894117647058824
ru,token,25,1,0.0588235294117647
ru,token,25,2,0
ru,pos,25,1,0.0470588235294118
ru,pos,25,2,0.176470588235294
ru,syl,25,1,0.164705882352941
ru,syl,25,2,0.223529411764706
ru,pos_syl,25,1,0.105882352941176
ru,pos_syl,25,2,0.270588235294118
ru,token,50,1,0.176470588235294
ru,token,50,2,0.0470588235294118
ru,pos,50,1,0.105882352941176
ru,pos,50,2,0.223529411764706
ru,syl,50,1,0.223529411764706
ru,syl,50,2,0.388235294117647
ru,pos_syl,50,1,0.164705882352941
ru,pos_syl,50,2,0.294117647058824
ru,token,100,1,0.129411764705882
ru,token,100,2,0.0705882352941176
ru,pos,100,1,0.141176470588235
ru,pos,100,2,0.247058823529412
ru,syl,100,1,0.176470588235294
ru,syl,100,2,0.588235294117647
ru,pos_syl,100,1,0.282352941176471
ru,pos_syl,100,2,0.435294117647059
ru,token,200,1,0.235294117647059
ru,token,200,2,0.152941176470588
ru,pos,200,1,0.235294117647059
ru,pos,200,2,0.305882352941176
ru,syl,200,1,0.341176470588235
ru,syl,200,2,0.729411764705882
ru,pos_syl,200,1,0.458823529411765
ru,pos_syl,200,2,0.647058823529412
ru,token,300,1,0.329411764705882
ru,token,300,2,0.117647058823529
ru,pos,300,1,0.282352941176471
ru,pos,300,2,0.4
ru,syl,300,1,0.588235294117647
ru,syl,300,2,0.917647058823529
ru,pos_syl,300,1,0.623529411764706
ru,pos_syl,300,2,0.741176470588235
ru,token,500,1,0.435294117647059
ru,token,500,2,0.305882352941176
ru,pos,500,1,0.505882352941176
ru,pos,500,2,0.494117647058824
ru,syl,500,1,0.576470588235294
ru,syl,500,2,0.964705882352941
ru,pos_syl,500,1,0.788235294117647
ru,pos_syl,500,2,0.823529411764706
ru,token,750,1,0.588235294117647
ru,token,750,2,0.294117647058824
ru,pos,750,1,0.635294117647059
ru,pos,750,2,0.694117647058824
ru,syl,750,1,0.658823529411765
ru,syl,750,2,1
ru,pos_syl,750,1,0.929411764705882
ru,pos_syl,750,2,0.917647058823529
ru,token,1000,1,0.717647058823529
ru,token,1000,2,0.329411764705882
ru,pos,1000,1,0.705882352941177
ru,pos,1000,2,0.858823529411765
ru,syl,1000,1,0.8
ru,syl,1000,2,1
ru,pos_syl,1000,1,0.917647058823529
ru,pos_syl,1000,2,0.870588235294118
