sample_id,class_label,N,V,P,A,D,J,R,X,T,C,I
amphibrach_1,amphibrach,-0.9557794327564746,-0.3698188185976025,-0.1078931318759334,-1.848419985480612,1.6360249811520755,1.8738886562966302,-1.579657325886064,-0.5974303439676444,0.8982866088638272,-1.4009066693575831,2.2162813856296264
amphibrach_2,amphibrach,-2.7877466511868527,-0.32706849763999285,0.4775649916019266,-0.8783063837952684,2.1274717925564874,1.7373049338915627,-0.051866869720874155,-1.3349226586502774,2.4719736154364305,-0.8827623090002039,0.9553317005534382
amphibrach_3,amphibrach,-1.7047404062509173,-0.3905936685793327,0.5411504791565006,-1.6972009306377027,2.355182081674511,1.721214481850078,-0.8268827271916759,-1.2357268677516005,1.2057327920838108,-1.2921880242390105,0.7142574418726585
amphibrach_4,amphibrach,-1.2665611356448927,-0.06890262094510977,1.0530323815680103,-1.6895652367870082,0.7964509055352716,1.5052398038094152,-1.6385391734467811,-0.6924304831410126,2.3778217397373758,-0.9164898093435554,1.253909325902891
amphibrach_5,amphibrach,-1.2122745054023605,-1.5530082623196,1.5549536403774178,-1.3985019761899977,1.526121419349614,1.557568227455411,-0.9039533018018167,-0.9651119091845646,1.5296560055122599,-1.2650186290183363,1.609464353483605
amphibrach_6,amphibrach,-1.6485004874458073,-1.6875053134573323,0.23102285164651531,-0.5352322785556801,2.783990632818666,1.1660950402296373,-0.6212994965661058,-0.6866304250558947,1.7374044263791895,-0.15049931849880416,1.1395229988857434
amphibrach_7,amphibrach,-2.765733658538953,0.04315167275453607,0.6739581138040136,-2.3036635089644486,2.155947296440606,1.965831221825806,-0.7699650478563523,-0.07238999955197412,1.496303277266113,-1.0988620870321182,1.5887133609758757
amphibrach_8,amphibrach,-2.5355945587098496,-0.2024512634048822,2.3203078551972607,-1.4829596894643613,1.1694905832604434,1.565848078130312,-1.8689860394913755,-0.5183349009120795,2.1339866867703967,0.5117001209718777,0.7435508785018743
amphibrach_9,amphibrach,-1.90404816992978,-0.889485393914171,0.07045031485754447,-0.48134611284245143,1.2195496183297887,1.8498209684450793,-0.17983261419141067,-1.3029489876601044,1.790808366174649,0.3506640656214442,1.7881445966940208
amphibrach_10,amphibrach,-2.030422268522755,-1.2387798542880304,1.8731426018546742,-0.9874336951072525,0.8052446819731582,1.6452128576540395,-0.6432493018848107,0.2393610824614617,-0.3564216946714407,-0.2942833185429248,2.0587316384817225
amphibrach_11,amphibrach,-1.8713760703824582,-0.8621282845824159,2.053069545113626,-1.1597588456497356,2.1339378733410572,1.7199036397999075,-1.5300144239310958,-1.2982813875517367,-0.577706302898382,-0.719949936449483,1.1061684915914258
amphibrach_12,amphibrach,-1.7914153616957793,0.02204220633221101,1.3939261144304191,-3.006279477357306,2.0480662517750514,1.465172102431206,-1.7103059927526871,-1.069725834272919,2.2982236369642672,0.3546693150846702,2.3081817348458173
amphibrach_13,amphibrach,-1.3000053196914516,-1.4143692744102279,0.5113687027176437,-0.7356193566135946,2.1080118693219463,1.5961828668118256,-1.8664838292402424,-0.8597525413173585,0.8916788830925266,-0.20035187453224895,2.9679278370188467
amphibrach_14,amphibrach,-1.7837115317753969,-1.1014638777211054,0.743918832637055,-1.599463405201025,1.7449048746960194,2.4336744219469204,-1.1052031537585267,-0.9211712140100377,-0.7916365946928727,0.5705843570909986,2.3509634903648813
amphibrach_15,amphibrach,-1.9999073421183051,-0.7963827982824263,1.6103423463430797,0.09179818958935929,0.902886628744284,2.3675228493149363,-1.8986999706073273,-1.306776457201053,0.12214810804376831,-0.8604260998059422,0.46059011715100917
amphibrach_16,amphibrach,-1.2331844701394818,-1.6383583593683613,1.7662244962042906,-1.306885791642166,1.8803704718607963,1.0249194307148166,-0.9406375711333032,-0.8105717519688153,1.5007308556815622,-0.029194780122331034,1.2501152393413653
amphibrach_17,amphibrach,-1.1909993308247937,-0.8875626875979071,-0.48480837564177637,-1.479598909422798,2.3741304776575602,1.9065372995082064,-2.0188105314169986,-0.4100734630079597,1.3387158359074116,-1.0631892432694103,2.6853804313546217
amphibrach_18,amphibrach,-1.2162662467841598,-1.8156415595355435,-0.2371144753559925,-0.7950457337984567,1.9554709524310998,1.8400600696377467,-1.0143319500795338,-1.081215957975405,2.0118604134069558,0.04166258071813782,3.0655874345135357
amphibrach_19,amphibrach,-2.3495561882423157,-1.0535724357956315,0.5720093839882985,-1.8709473403986776,2.8888621271236787,1.659667604634487,-0.7861157000044733,-0.5635150726173969,2.12865631690879,-0.14460715433749552,1.6672722474849186
amphibrach_20,amphibrach,-1.115428635635559,-2.6816517894758762,2.5320585801341147,-0.5839235847901229,0.8489352658437259,1.8474056101634408,-0.6831385200387802,-0.945851419247081,-0.31771559848267683,-0.8937938471009029,2.1473258736366994
dactyl_1,dactyl,0.3657084489847801,0.9297584148865592,0.34916702011452183,-0.3564094299019111,0.5665189616980248,-0.5950099894508468,-0.03810813503443637,-1.0843937032551099,-0.7047107640574951,-0.6763526734808794,-0.35631049687736166
dactyl_2,dactyl,0.3295423008697165,1.5907119024296552,-0.4851019611717466,-0.737987979814235,-0.8519526769459842,-0.1240144654563707,1.3387346970822902,-1.048622865703956,-0.43722840248202194,-0.26065266147802535,-0.3770380434696207
dactyl_3,dactyl,0.41707028772533006,0.9398719306010596,-0.9004160815579024,-1.2353131141108717,-0.4700338990078868,-0.690480404644185,1.762652667764041,1.1212633782382626,-0.9809649029309968,1.1583752140657895,-0.9873503699821126
dactyl_4,dactyl,1.386071909935496,1.286851080365062,-1.0459515470818168,-0.9397497304825942,-0.20726064614214657,-0.8932291558708454,1.1789492939518442,-1.1242695597580348,0.9489359293329157,-0.48645798710098004,-1.229733617259468
dactyl_5,dactyl,0.8198418056854346,1.1362123087320746,-0.8544454280427749,0.8932850835295699,-0.9834743199189956,-0.8523655255666551,1.7674709739157932,-1.9416876060187975,-0.04450230304350072,-0.30745558310459614,0.6419481835596756
dactyl_6,dactyl,-0.3854001139696276,1.3686033958450008,0.7220783688980661,1.0285383784571278,0.262358312452079,-0.32244531429057577,-0.8836127614186602,-2.003632133202746,-1.3110199996679566,0.46456372506371457,0.30249423993948804
dactyl_7,dactyl,0.7158334583219842,0.5317565522831372,-2.0449027969873037,1.3947731100704186,-0.6400893256832411,-0.786821873494882,0.8896504405408493,-0.09519432440084405,0.8389258213250125,0.876952472042434,-0.14944572450187188
dactyl_8,dactyl,1.974271110798402,-0.7136064453228478,-2.3511803144749805,1.1759408904684547,-0.4063730149926128,-0.34433395370749015,0.7945952911943842,0.8230750301075835,-1.0397146307049725,-0.6923032115787084,-1.863758657589484
dactyl_9,dactyl,0.42132194990353417,0.7633389046144087,0.6864120378236778,-0.09181121077237273,-0.12297334392122808,-1.1551292012701895,0.25918317116665684,-0.8983745949127424,0.8140329921135145,0.6358120940566754,-0.5857861095826978
dactyl_10,dactyl,0.016754949147320803,1.0657143381074026,1.3482142012148781,-1.2967350445060213,-0.345429081556438,-1.2219541783910157,1.5772524518397557,0.2768084834217164,-0.6145824923032411,-0.49811256766167944,-1.022815838220736
dactyl_11,dactyl,0.9822906451604508,1.3217912599763029,0.015617176947756009,-0.03870470608480952,-1.370260143071421,-1.3064752221433038,1.0862785022406367,0.04340373012562769,-0.6987556310281421,0.3101833423964393,-0.6352929556278953
dactyl_12,dactyl,0.6513186599558737,1.0661733127305066,0.15743250272260154,0.38960101523551394,0.07848191239023612,-1.039634686603375,-0.15419889424798383,-0.6341540567555717,-0.4508298031174286,-0.04914610537330313,-1.6561663668692428
dactyl_13,dactyl,1.2668506525605634,-0.049814485744005085,-1.1473898247129841,0.8793504213731195,-0.4489260076392048,-0.4444037166058599,1.2451560241687878,-0.6012232598729031,-0.7250151663864841,-0.020790125552209243,-1.8632181794246783
dactyl_14,dactyl,1.2333526072103538,0.2982108056972575,-1.0478648503226486,0.5273646444812985,-1.1615895039841435,-0.8010131592941783,2.7107784862490747,-0.7939162631811503,-0.07498734768384756,-0.0011254835143459157,-1.859682732811234
dactyl_15,dactyl,0.4942542489838308,0.9584559061140987,0.1162222268940029,1.2560511119421445,-0.791164735715875,-1.579302733366245,0.5550901372813878,-0.0435925944295714,-0.35593098734333567,0.47494459586551235,-0.5563011469481335
dactyl_16,dactyl,0.00951809892889597,-0.02838946487362351,-0.5614159423849343,1.4454281623728602,-1.0894549240558244,-0.3578581180760604,0.7691705762308161,0.8090370996092089,-1.0499079843622467,0.856310746518951,0.05279871561110675
dactyl_17,dactyl,0.5032725094762378,0.2681631881779603,-0.30162477444570013,0.038992054588772786,0.6970993171462463,-0.6181998267307158,1.1013825204751544,-0.983844017172153,-0.4450103955232414,-1.1523449310573763,-0.8054348134076991
dactyl_18,dactyl,1.299353597537379,1.207412665636729,-2.294185675494578,0.234948860715043,0.2380898949874069,-0.885439099257672,1.345736814589401,-1.3786536407984111,-1.0260430715591213,0.6590262611835702,0.4967152322700475
dactyl_19,dactyl,0.7830813443303876,-0.7307375455591782,-0.5300254897745927,0.5445332668443983,-0.5160808995887655,-0.5924891230614732,1.7422843735770923,0.10509400771283484,-1.5092673792015205,0.1958505589963468,1.338039450094306
dactyl_20,dactyl,0.6118373337396222,0.6617140527118689,-1.9802537045078228,-0.9338151780031976,-0.2074945222080265,0.5935554133436529,0.20168377543531107,0.39257394812593455,-0.10872606532869111,-0.24803934655000737,0.2717621304549831
dactyl_21,dactyl,1.3144490247059608,0.25891180613758946,0.04459619009145955,-0.36241392718555854,-0.5130475745461308,-1.2415103714931364,1.1590232207940858,-0.4821306567818445,-0.5157767916242658,0.5556681735674505,0.21451413269201614
dactyl_22,dactyl,1.5022734441527428,0.26080861457540583,-1.856054998611664,1.468255972542929,-2.6912639953425885,-0.6586464205384763,2.2711862620702847,0.5733632426424462,-0.07286347537663534,3.9616230394240573e-4,-0.5686959600149325
dactyl_23,dactyl,0.7691252113245414,0.7631643179069019,-1.2706569504715548,1.361596923023206,0.6090766686866147,-0.7275186108170089,-0.5304591966879093,-0.7474934333431332,-0.8842006454209193,-0.6923032115787084,-0.15440638169763263
dactyl_24,dactyl,0.8090124942097578,0.948190138733514,-1.7915843946148307,0.8066183711110905,-0.46689622160445815,-0.6714643716367051,1.4286608928643245,-0.30043345155332357,0.22676389919713855,-1.5751621176678177,-0.7881827225687018
dactyl_25,dactyl,-0.2238140204768419,1.6018046112496567,-0.060316292483360866,-0.9507497431696522,0.9456952496976879,-1.396648848887527,1.0715924773819083,-0.11279356228504307,-1.3570207100145713,1.527431969383145,-0.37166951264309595
dactyl_26,dactyl,-1.264505239441698,1.8507753071229363,0.7427521603006079,0.9176335410400485,0.20495429662065845,-0.19119127453671425,-0.7778786354472113,-0.37479536868994145,-1.6072802028673212,-0.9906639671939457,-0.42842401781967376
dactyl_27,dactyl,0.4750078472064557,0.441824203215024,-0.9154983481086844,-0.18335615772743208,0.26035659484928997,-0.8871691432902625,0.7522918644513117,0.44426761966959655,0.6468032281599227,-0.4825535722487098,-0.16426527171168984
dactyl_28,dactyl,0.9858244388554092,0.32870891662512,-2.0052852350660375,1.5054131383158647,0.21606637673037593,-1.1048851963719335,1.3233068726683892,-0.09911681258572862,-0.8788878521657492,-1.3579905690217955,0.27644627704545793
dactyl_29,dactyl,1.6907237059446616,0.4111483677311368,-0.6757528321913426,0.6011941556915088,-1.7013823887308037,-0.503159041833078,1.4889069243439932,-1.0220729795899235,-0.5598353960134962,-0.013252364256294278,-1.4332611394373802
dactyl_30,dactyl,0.5021581980366243,0.83714449988381745,0.3691750648285416,1.1813054848005369,-1.1066795108605663,-0.6667633043374064,0.49485659568905066,-1.019726879536073,-1.7142750861594014,0.14090423345872216,0.2303042274711007
dactyl_31,dactyl,0.6542562104946831,0.6914769752122087,-1.036999945501142,-0.5629421520153389,0.4608092024094794,-0.8988858172540601,0.07548883840445678,0.3242681332100096,0.2852877831734498,0.8064445724940047,0.23484942063856226
dactyl_32,dactyl,0.788621298356731,0.5585138557835946,-0.5238676595437848,-1.8781782969651866,0.23058519549415396,0.09386908461643387,0.964146443350572,-0.9899305692314861,-0.08378541463803946,1.4035586418275987,-1.2558934889006141
dactyl_33,dactyl,0.41166681115009285,2.146460521361074,-0.18033527597967217,-0.11387588396645426,-0.4338067057781798,-0.8707452126975146,-0.6730423687019882,-0.5667673810013704,-1.0718182281685424,0.611094293037314,0.4628497969087386
dactyl_34,dactyl,2.8994336194854045,-0.5175210207774626,-1.0454802143390114,0.18701619241574538,-0.3875401135910436,-1.7363649177478657,1.659330794494901,-0.7808920184244886,-1.3819233502022126,2.1561578428807193,-1.445345778026984
dactyl_35,dactyl,0.6247904355635062,1.9771532513732275,-1.9959321168645634,-0.455569721064659,-0.40722468246924765,-0.6225342552992608,0.5561488073654343,1.159112200469356,-0.4781252025566237,-2.2239746552258777,-0.10487192596076651
dactyl_36,dactyl,1.6870546767861878,0.8837525127211445,-0.5945435081925254,0.35945702583697275,-1.7433238057134304,-1.0713051567775804,1.183086342531259,-0.6099097778626086,-1.2900282371553322,1.619425603065379,-0.3333176109166214
dactyl_37,dactyl,0.35659719397488115,1.6411901376211673,-0.22000793969307744,-0.8787660875610371,-0.8060316519636107,-0.5014835336836356,0.47502766032480115,0.13126992824869055,-0.31039424767558904,-0.05947977573345952,-0.6009907023174178
dactyl_38,dactyl,-0.162486159576154,1.4566863200932454,-0.4748371254343315,0.8366294782194521,0.12310533948808128,-1.1009982956063207,0.7421114248177322,-0.23827462419101267,-0.5636540898523119,-0.6861891062358223,-0.5776857311467914
dactyl_39,dactyl,-0.5004669929340155,0.5830031788136288,0.2917153784654603,1.7705939326032263,-0.7684687431247911,-0.5017406811214623,1.134244947965833,-1.1647699457196046,0.8814693250286785,-0.30201778568962756,-1.4541230769749702
dactyl_40,dactyl,0.15341430742133574,1.8918062886636622,0.3772981021139209,-0.8849181065874384,-0.7027916259753252,-0.2872103865669077,0.7889749586501171,-0.6665656128575173,-0.9469224685313341,-1.6136036917122334,-0.8209473780749634
dactyl_41,dactyl,0.9364721338243798,0.29499780039715645,-0.8156139035931307,-1.4212974852922462,0.20543009736079043,-0.7504936238009335,1.4808272136049843,0.7973927785039874,0.9539942221441717,-1.8147033585860957,-1.2286644079145712
dactyl_42,dactyl,-0.3061458317669462,1.2451311519901926,0.23228608936623177,0.19746076179364186,0.8681410122027452,-1.1923781440358545,0.17993905330712737,-0.9424392918077845,0.7001721496152595,0.2182850367052731,-0.7867292229594891
dactyl_43,dactyl,1.9837442910454466,1.2905740918312754,-0.6215668907856755,0.6011941556915088,-2.1596861052810867,-0.6778489784574963,-0.2830572239351601,-0.09126520759207313,-1.1837309618172007,0.6572315030153313,-1.8618629880819992
dactyl_44,dactyl,1.6048733072466541,0.5864114931082804,0.28203187123209456,1.063394904403572,-1.3123173539957598,-0.9511386105363301,-0.3875307359713816,-0.8749096954795913,-0.8674676957526749,-0.33656869550980517,-0.2770525951687924
dactyl_45,dactyl,0.17864801489021748,1.050666471636823,-0.8769853550451997,-0.5878176636465415,1.7047976929247077,-1.3250018505478047,0.7147998131285292,-0.4328711133458352,-0.5425711103185462,0.6734391283056119,-0.13845822645182218
dactyl_46,dactyl,1.2291042068390587,0.6786132293990987,-2.0917261280483164,0.5653195407271812,0.1933378447289511,-0.9290817644910844,1.4787719119503442,-0.6397872546689062,0.2515867906634213,-1.1160981190219612,-0.7801578974844339
dactyl_47,dactyl,-1.4074804127972467,1.0807741476839645,-0.09271299498325639,-0.26449208778706373,0.6123165760758753,-0.8403127770719722,2.149077250549478,0.4876708737974756,-0.6752907508215509,0.5488425918521671,-0.20762571717079883
dactyl_48,dactyl,0.09951546808117617,1.064211255772266,-0.5677559385938922,2.1643933083147435,-0.8213370552781378,-1.3093168315478583,0.6871033661874011,0.2393610824614617,-1.4103383586094418,0.529437432580918,-0.5301755400981661
dactyl_49,dactyl,1.310896546875064,-0.21923557737325003,-0.8227765894852718,0.3653606338865637,-0.980670995713607,-0.6735943736585253,1.128551354161007,0.05599285072627269,0.22451872281350793,-0.6812792081947183,0.497984357425785
dactyl_50,dactyl,0.24245839277728076,1.195787784832282,-1.4385871559098684,0.198609707618662,0.16794008905972008,-0.6400948309452164,0.907457941389042,-0.3340218944956011,-0.433327604962619,1.0746654136634508,-0.8011543828091066
iamb_1,iamb,0.4220632495205079,-0.6500906849945992,0.6393535466538603,-0.48219519493366464,0.08348094519997612,0.9297680009757215,-1.4190430786513537,-0.8669340162222077,0.5493185716344448,-1.2832668478011917,0.8117998697815566
iamb_2,iamb,-0.851550311821359,-0.48150417417028796,0.705085250822197,0.44492164910162507,-0.04932721639095153,1.0812893313565775,-0.7687219523971143,-0.5523946226188372,0.07949537740600428,-0.17496342486991195,0.4052394759301005
iamb_3,iamb,0.9042384380871706,-0.5798720019923405,-0.021663636582517555,-0.7803792329866361,-0.1501371949559724,0.6845063913726797,-0.3671633971005137,-0.2965665981796002,-0.9676894552120345,-0.7358126484033856,0.5960091018800244
iamb_4,iamb,1.1788664958905737,-0.9736932660474018,-0.30565150142167347,0.27490756427446184,-0.3713864630466642,0.521560185087052,-1.326471246934158,-0.5098958254281004,0.7512395195563615,0.10477842310978759,0.4779628703125238
iamb_5,iamb,-0.1883066143580198,-0.7886049786283974,-0.30076884724457376,1.4996229822375204,-0.03364303240488694,0.28153474013119917,0.7102096528558702,-0.5098732664221878,-1.2053108337962861,0.6260669142311255,-0.3001285084408578
iamb_6,iamb,0.3663990787563157,-0.46006487155240966,-0.6376803822327818,-0.645833634799102,0.8727044148114266,0.8353328579565341,0.6319545443771936,-1.196958329119355,-0.2356554520006946,-1.7119066662699771,-0.3447219518044702
iamb_7,iamb,-0.309312750580872,-0.6104074276130601,0.02230311451698455,0.2927398680839962,0.8761528620107332,0.40279482963829816,-0.7008545816807891,-0.4304312644325473,0.5304927016149896,-0.9702961682001161,0.9032100061177025
iamb_8,iamb,-0.6331430859703399,-0.5281219849287698,-1.0610600627213536,0.0934546241519556,1.2207711092863998,1.3938142949124728,-0.5712276823568941,-0.3966011854342319,-0.21492520483281297,-1.1382921154099779,0.5683828112267018
iamb_9,iamb,1.040666540147947,-1.3425639358742,-1.0954358961507666,0.42404396523503934,-0.373917301962333,1.2742216155447132,-0.059598515991764536,-0.604252746381568,0.48860283157273243,-1.8783844540135708,-0.13528903006732912
iamb_10,iamb,0.1501085837127247,-1.6805087983064169,-0.11883851333334305,1.260796290332819,0.5231385215831679,0.40031842498986203,-0.914658679130337,0.7512996654388292,-0.8257498033844266,-1.3015478526499185,1.1510921695522027
iamb_11,iamb,0.003312124296350452,-1.1065178505182365,-0.6617893827238827,-1.3167936855010993,0.4933212197775822,1.4835169553898666,-0.22103742173981342,-0.013975514283733465,1.3916246338540865,-0.7490888108122095,0.5815817313653229
iamb_12,iamb,-0.9426505985955,0.3475224383083892,0.25378663374310456,-0.6635383646465133,0.8115429549664429,0.445644609616168,0.4955112599900602,-1.5614572520915675,-0.01471566122438518,1.1887579117640203,1.1603374750125377
iamb_13,iamb,1.8763613366606546,-1.2729535831748096,-0.717578841707028,-0.20188886743544252,-0.6155408257475594,0.35762880865631264,-0.16985738532626887,-0.22999789881993904,-0.2324040735223549,-0.5000464907620196,0.8275354001468106
iamb_14,iamb,0.027977459954452912,-0.07128584033485566,0.4091389350368248,0.18832282847978002,-1.2231649944091147,1.0114113874057884,-1.0424666874712274,-0.4752608907881072,1.467493097976753,0.7285308875288385,-1.4247438564266992
iamb_15,iamb,-0.4507393025031809,-1.36154361761071,-0.4017116897410276,1.9843838500932311,-0.06303073751168942,1.4588568812554379,-0.5178312748199255,-1.317784224431644,0.3834433277991467,-1.1055429837081912,0.9758248743960815
iamb_16,iamb,-0.9411948500994973,-0.3392525640302686,-1.2307160359996776,0.36630801066360413,1.3052164663577774,1.5279254566059979,-1.0411606217964204,-0.25295152495017154,0.2791614187846231,-1.2841041388234273,0.4422221132918526
iamb_17,iamb,-0.036192339884828,-1.8879019842342186,-0.09260163572082578,1.1347202482082037,-0.5034385831741826,1.499923576989107,-0.44504609642430015,-0.337072954221869,-0.022122943517649454,0.6875544992387465,-0.008630776798419781
iamb_18,iamb,-0.4786572242157179,-0.13768032064827482,0.08165308149823707,1.2453248152032204,-0.0679018499373097,0.5096566042709927,-1.5054398925708903,0.026189372552290598,1.232363537757267,-1.3268209006121563,-0.15471097048521115
iamb_19,iamb,-0.9203897121277472,1.2102388001617528,-0.12379592959539941,0.12737653758880393,0.7205047605558573,0.3836904760810084,-0.7071703475436867,-0.5221099751290394,-0.5498652339380852,-0.5323991361704743,-0.6728759529199759
iamb_20,iamb,-1.32546942472641,-0.0457434020361022,0.08812508514691444,0.9323645570199267,0.41858549705270015,0.43855885015038215,-0.5061469875002174,0.17407520262019374,-0.11697996828681381,0.9050929727689603,0.1885985993275686
iamb_21,iamb,0.34950816017083697,-1.1746616239210619,0.026716545443523358,0.3129616754802363,-0.051555574685961246,0.9273574391913293,-1.2949877301828143,-0.5606469045824423,-0.12300655623100051,1.0209580453914424,1.3631558240233468
iamb_22,iamb,-1.0923329236827148,-1.5641198135326317,0.8829272808241297,1.0194540269065244,0.5220097209065704,0.9740623460636092,-0.953825662645318,0.02109343794196635,0.6998939294927915,-0.010945015003786938,0.20393994135890517
iamb_23,iamb,-1.138171019783207,0.3258038009806796,0.907184499749112,-0.7587164481912132,-0.017129125592065007,0.9924382032160941,-0.6227404198999554,-0.5423764838568095,0.46186713988265066,-0.26321037368739714,1.2158964971728827
iamb_24,iamb,-0.09262457744921547,-0.882600082845692,-0.34181576666311225,-1.139578469264448,0.8969082561043662,1.11124789264927,-0.05652711727219694,0.0952133219639734,0.4527976693328412,-0.7561864697145954,-0.6938043620096318
iamb_25,iamb,0.8790314802969219,-2.2977430917321393,-1.5554215266364384,0.8613042027933095,-0.27862409248875153,1.5559314468763603,0.5604958648335304,-0.3408451831730936,-0.2182000495851133,0.2835406409244596,-0.2767264292587075
iamb_26,iamb,1.0224676619054631,-0.607836583806228,0.3052747430426551,-0.6665734497945863,0.1758527858137234,-0.2793857343816073,-0.4075784131997471,-0.7371617407908314,1.9540805438173328,-1.348382258326772,0.897195223612996
iamb_27,iamb,-0.8172279195569451,0.46996502577817734,0.8022345465590573,-1.0988938165466402,1.2886339990158269,0.4851379456229514,-1.3091768231982024,-0.9681043886669148,0.5822445303905999,-1.2697869823997325,1.9431724592293933
iamb_28,iamb,-0.8650064091059831,-1.1493435734156963,0.47813639682063597,0.08908514691317382,0.7283072628951037,0.9225415635799853,-0.5398612927154577,0.2357437637749284,0.945063641566902,-1.4777260167790671,0.44008351541497254
iamb_29,iamb,-0.7168243046334339,-0.5989165055893984,0.5457779410157031,2.298415277668465,-0.7088539359188802,0.659285715054419,-1.1911493676611071,-0.6971517639102127,0.8397592021397347,-1.3260143603546068,1.4736678693111258
iamb_30,iamb,1.5689585939615325,-1.7891008559994048,0.9331171111297223,0.3762461930211055,-0.7417033477222303,0.13485199865216646,0.3143957129266284,-0.9952419204399277,-0.9985328401693668,-1.5123892052472772,1.2968959253497319
iamb_31,iamb,0.31802759894473565,-1.0553174725080896,-0.019855031646962663,1.059810368047376,-0.27038977485430554,0.17664741742299392,0.037604588845749076,-0.3760296768030797,0.011049435440873799,0.6367810146889635,-0.11033811314704373
iamb_32,iamb,0.7777234904692331,-1.6500239822917122,0.553219593643017,1.2110129824531806,0.25679091495449924,-0.2654922774230451,-0.2523228849558158,-0.27082345188288126,-0.5433072404275574,-0.7193013794000734,0.24704411890174216
iamb_33,iamb,-1.114337936843079,-1.3230767865756543,1.209813724992291,1.5481345131874296,0.7404558959233174,0.8586385987371516,-1.822167109139168,-0.9428992415871476,1.753777327175241,0.3671182912151089,-0.5176741775090506
iamb_34,iamb,0.5396934807489129,-0.7725448154133082,-0.9365693624567811,1.430066745327481,-0.15032104190934006,0.605260647242795,-1.3834100049494413,-0.0725108622389881,-0.2545036848592972,-0.7842258602741794,1.4399165765827269
iamb_35,iamb,1.108674002046545,-1.4401258581537597,-0.5715490987189088,0.13548252188942028,-0.5043740350343044,1.035344188476467,0.2938723425050879,-0.15827602352485728,-1.0072605012974032,-0.7632487414287213,-0.5176741775090506
iamb_36,iamb,-0.3241713624610911,-0.48907781850071974,0.2644871845733703,0.1981700960657064,0.27574427252234607,1.1875108337627942,-0.6957893103854276,-1.362979603689141,0.4429333145263143,-1.3268209006121563,0.74915625665468
iamb_37,iamb,0.5858486423422375,-0.4694022378489867,-0.04655296218775879,0.13477195116867605,0.3918691505729549,-0.06368711048951634,-0.04662645837968536,-1.353308911869578,0.06288952943264253,0.9484614506055558,0.3958792017582593
iamb_38,iamb,-0.005935994763919969,0.26036138458399,-0.6887922298558062,0.46524121409457586,-0.32211422216682256,1.0130748744041504,-0.7550282450699414,-1.120093049368389,0.05004754210905583,-0.005842382122454338,0.5694784078656591
iamb_39,iamb,-0.2520554978063155,-1.2724448726614592,-0.88475574904176,1.6640725093228774,1.2739544377622982,1.024777823695618,-1.6674243434149747,-1.1105391490114114,1.2244242782724521,0.06449549239933978,-0.10772695976874298
iamb_40,iamb,-0.482049329811484,0.18152583305276698,-0.07747663623779708,-0.08485286955455779,0.372266761414726,1.0407366125764934,-1.0227354687499544,-0.9505499555227497,0.11678373873136652,0.23179266054648112,0.05987997033160486
iamb_41,iamb,1.3553632330508802,-0.2216605168859335,-1.7512753031028256,1.076834974654631,-0.7629168281140623,0.5904756393866684,-0.5840885580305987,-1.1966543650959907,1.3144414815444558,-0.3425236834302419,-0.30729158976702103
iamb_42,iamb,0.10372144397332546,-0.8280490621938,0.3483101803049764,-0.19610035584369193,0.22982240635068693,0.1753212419902177,0.3264630410551847,-0.6464521776407789,0.9989194560891345,0.3047163256906072,-0.1934255078691912
iamb_43,iamb,0.07447160509909165,-1.6787199996593258,0.14805519242598505,1.1571964533607164,-0.1860570231518979,0.8998572946907334,-0.18781072672714794,-0.39194684770806665,-0.8682775224182355,0.18544495971098965,0.7526388703018833
iamb_44,iamb,0.29377208455740633,-0.7233428170690174,0.2644871845733703,1.192967079246344,-1.0558844520088195,0.9222635265703496,-1.1317550084852925,-0.3362025342933004,0.3113616106544888,-0.19564818939908596,-0.6970313067691458
iamb_45,iamb,0.09517543969345023,-0.49907995852427733,0.6151880258988575,-0.049319046798902554,0.12965829297638,0.7983857753245103,-0.5957092726222056,-1.3365951541081695,-1.6960121832798756,-0.0425101288714167,2.1489066047392087
iamb_46,iamb,-0.1263326306699154,-0.8548805002632298,-0.16046537017017118,0.3970847425001627,0.3112041955931032,0.8291876671139317,-0.26625574763603904,-1.1239661380630606,1.2278653598471194,0.5555127966557474,-0.5176741775090506
iamb_47,iamb,0.8136050229090755,-1.019929124952099,-0.6004283116952681,0.541074532061875,-1.15780944547563,0.9164882634160331,-0.019623302155478466,0.14761877908644128,0.11303068063910954,-0.1527852754050868,-0.6741981397176149
iamb_48,iamb,0.43731177023598194,-0.686100475857739,0.23398238214337003,-0.17158666613737597,0.10645250594677341,0.4266602374521674,-0.7293506436029128,-0.23309386786208208,0.0281811915650751,0.917856222455314,-0.8841578125795772
iamb_49,iamb,0.8682839637410293,0.15999945660505707,-1.5520022546457901,0.5697079121092893,0.6364412996379114,0.6154163746470683,-1.2080524077365644,-0.9804841399816381,-0.5118958605493371,-0.506796206346017,-0.47280903614726166
iamb_50,iamb,-0.052630621943286646,-1.3135114861026045,1.6173612494244818,-0.6662017025628557,0.5086599777450024,0.4267549369334249,0.2930692914797959,-1.1613476908838942,0.6069499403564965,-0.17618715350724837,-0.5048542318087933
trochee_1,trochee,-0.491468579314911,0.4886108429995384,-0.028031250298050047,-0.2943205795163022,-1.007244200776247,-0.4559226363850106,1.1935144301355698,1.7587274779972202,0.4539604974710196,-0.3222211100332793,-0.26722589395185314
trochee_2,trochee,0.379824314905096,0.6918577815769071,0.841811426383933,0.4572152397079149,-0.33346721537839014,-1.5212067623248688,-0.7487732525587263,1.7472716760675355,-0.8563300192603688,-1.259744168580734,-0.2711669593276296
trochee_3,trochee,0.30796666310026444,-1.7891174730431747,-0.34745925774206665,1.1896961114666325,0.4494659311138294,-0.2261645014396623,0.2904338643581191,1.16087801415233,-0.532922773859193,-0.6664493546553549,0.297722017243375
trochee_4,trochee,-0.8672827739164956,0.18716578242310766,2.429923611556744,-1.5485789223526043,-0.9053332954822487,-0.6258989022738962,0.9939374998237755,1.534417939229334,0.3887904686435751,0.1005408872655395,-0.5146818068910546
trochee_5,trochee,-0.6487056096577255,0.46598822736163126,-0.5111498119212932,0.3661691481859024,1.0373937858046738,-0.6501562657275342,0.03504429371777335,0.6956579790597387,0.6830159984677017,-0.3760796428290235,-0.744244154555542
trochee_6,trochee,0.757822292133154,0.7602674266974279,-0.9806018992277392,-0.20366525670532648,-0.5900746796512351,-0.44564995720414946,-0.3773263860666202,0.5739898675994691,-0.2549587921486523,2.1760011930614476,-0.5146818068910546
trochee_7,trochee,0.7257145540233338,-0.1540788705480537,-0.08015509972325671,0.20654733381880638,-1.1916246703803837,-0.8908491777051135,0.7391606445032697,1.5917224101252436,-0.26755388638154365,0.5509258000015406,-0.5198733302497272
trochee_8,trochee,-0.4938865401357856,0.4692591473270235,0.6519775256068,0.4922741956772322,-1.0293350177091143,-0.8715181314222713,-0.1955069523078197,1.596476368473111,1.586164093717118,0.05134479112815487,-0.32304409278696306
trochee_9,trochee,-0.4187102840998398,0.2006573433729521,-0.25759607206296936,-0.48048416255036475,-0.17838080265180808,-0.37008285181009115,0.17436109199933614,1.8634807500663897,-0.7641287555698869,2.141030506222021,0.1325840892330836
trochee_10,trochee,-0.21873159475338322,0.590896968813593,1.3294544073191659,-1.6757261542406665,-1.0496737565500376,-0.6763561598363639,-0.6166547758761483,1.3989357548279109,2.0872105080146945,1.6621374056531961,0.7791161198589714
trochee_11,trochee,1.3159182657558104,-0.5867831275957478,-0.7875966378943267,0.509586413334618,-1.0442486216360967,-0.7755302183180972,1.1348207757714184,1.6953326530219046,-1.3308137211438804,0.6186162147397078,-1.6081678151878467
trochee_12,trochee,0.5545998708605421,-0.07528263411372864,0.29835110510895063,-0.5644201057258983,-0.6815452126217464,-0.6500648186137483,0.6575616660197361,1.1583690158168443,-0.06434994135333237,-0.21823320105032432,-0.3499217174172081
trochee_13,trochee,0.7962947487603711,0.06813601303470113,-0.7642652467803369,0.7143104076511114,-0.3239038988586467,-0.4881637373214325,-0.2499121982184083,1.0501067074793806,-0.7130057234357122,-0.5741934924354634,-0.9481011336502662
trochee_14,trochee,-0.2118371324328766,-0.22603643854800373,1.31395493622464,1.5221301392577824,-0.6653342896432346,-1.0285520350560846,-0.5153604670623952,0.6635879037416984,-0.5271140647431528,0.012615949488086205,1.1647044065278451
trochee_15,trochee,-0.39932407035212725,1.049028314673017,1.198641330430588,1.0530157048177637,-1.971548401160768,-0.97081070029233,-0.12507856336708126,1.3048360043524936,-0.5271833032681501,1.3069320448874695,-0.7163116830554265
trochee_16,trochee,-0.8771605266963939,0.8653861577786286,-0.5964632640855005,-0.8086636743148053,0.5941200889925626,0.07417287459140069,-0.04842815702560093,0.8842303501243395,0.5644991283309642,0.3414281313822944,-0.2877627546201391
trochee_17,trochee,0.886746069032122,-1.1021037254711248,-0.49952391631877907,0.5724029192563751,-0.4909493432237143,-0.8911956632127322,0.3545549301652882,2.3070255139509563,-0.3934085893667791,0.8134721589016669,-0.7272789879577083
trochee_18,trochee,0.750936047262473,0.9215625786223608,-0.6327906225250531,-0.02557091225194223,-0.726433853193958,-0.23598178164987776,-0.3535258597561031,1.0083747433404304,-1.7513231031177778,0.0482158602178271,-1.1968578421725031
trochee_19,trochee,-0.18363820835765796,-0.3648190060638934,0.24568676266333023,-0.8239049534917766,0.0714191198045284,-1.1027631636349386,0.8176825016373498,1.8624739847890184,0.6113721539303475,2.7571616957126674,-0.331456901276405
trochee_20,trochee,-0.24071227721436853,0.1394073120669153,0.17291492581757384,-1.3244266447447244,0.48705892443806265,0.012561834736312392,0.05570431474087313,0.8656178245721003,-0.38201456730501243,0.9015957421341355,-0.5670524372636302
trochee_21,trochee,0.28722389050497427,-0.00946332128560655,-1.254584224697217,-0.17497354035885349,-0.15656526371803622,-1.354471623727821,1.5217246748596938,1.5013846856096347,1.3967848684404436,2.6781956008263097,-0.5015834043845306
trochee_22,trochee,-0.5506580802803898,-0.39139222110884686,0.9890563097896096,-0.08689615652962185,0.935024285379799,-0.5778787939296838,-0.7656653456209455,1.273833738760457,-0.6597467847606237,0.7117423865333501,-0.33424677144299353
trochee_23,trochee,-0.25678810945003255,0.24796410816665945,1.2570486016514746,-0.0668350999207994,-0.7951810743365152,0.07713350190940307,0.4763334837380141,-0.04559844403415824,-2.2479999122720273,0.47321076014925645,-0.12432499032368229
trochee_24,trochee,0.6735680067332803,1.2025186278007103,0.22071496349055447,-0.9041428369895749,-0.40596023056835306,-0.7548112201128245,0.13169005424571098,0.2585574822690721,0.44608608107180886,-1.0991665438126068,-1.6365581652065544
trochee_25,trochee,0.9207300140454923,2.3942819381908507,-0.9167183989220663,-0.13342128708551246,-0.9538434342897968,-0.5154856147706401,-2.202588454849205,0.6502209661762839,-0.413860703011452,0.5635645461250808,-0.7350307837409232
trochee_26,trochee,0.2495110833349717,0.21125158537956343,-0.17943117079525753,0.5757708267512373,-0.29999675487708166,-0.3793195928160261,-0.06877883158090187,0.8257922765841419,-1.570022701630351,-0.15699652668895112,-0.09137771322021887
trochee_27,trochee,-0.5837758158873382,-0.6532356979242602,0.7250434649685916,-0.022448990897833577,0.06519464495352122,-0.12268204609109827,0.045421119004667526,2.138595530358559,-0.8451333352104884,-0.08577710928126032,-1.1610563892054662
trochee_28,trochee,1.2232069983165634,-0.23357946819418693,-1.699803320989617,1.532436098204421,-0.7435793654669028,-1.092533785711764,-0.4496537950791552,1.9806243991576118,0.3911768047607725,0.5635645461250808,-0.5138139115774227
trochee_29,trochee,-0.5694741419857422,1.2670575501498091,0.8347364571719609,0.19963273033076148,-0.4722597873535536,-0.7275338159539919,-1.3573088774841433,0.7289069832731713,-0.4097845637315928,2.6453678648654297,-0.2906658576403427
trochee_30,trochee,0.001992277260778885,-0.047729610839207515,0.4989814443767656,-0.32886141969464966,0.10060258011859187,-1.1145738200185435,0.4183452514253374,1.1393700678858538,-0.11567536918644462,1.4621613540888196,-0.08299789360970235
trochee_31,trochee,-0.0283410563622355,0.032920521831667236,1.6275992552291623,-0.11478741038744283,-0.9417234093620144,-0.6531330223586704,-0.056499871861696215,1.323362499370329,-1.375054394605695,0.3379952977976475,-0.2896990017873261
trochee_32,trochee,-0.27922017394002546,0.971057660451841,1.0823933814368678,-1.3524632198455468,-0.3282341173352621,-1.034041912337172,0.12903573831709597,1.5674401408427128,0.4175645372679425,-0.34369533360693166,-0.05965043827067423
trochee_33,trochee,-0.658566888551393,0.08932225546661987,-0.4059989936877674,-0.36839718487773854,0.09703459169938365,-0.0321151321203073,-0.3900120277626824,2.0098223093588548,0.6395333715960833,0.3936503783409384,-0.033661612873562625
trochee_34,trochee,0.6420747150163744,0.7051709596083935,0.44422173954916194,-0.9898336741351955,-2.031920557977656,0.1828850766596618,0.910039952584988,0.5645409549106046,-0.8049085361859604,-1.0916858577805986,-0.11002191273134215
trochee_35,trochee,-0.4519180010647643,-1.343977803539982,1.2162767462546331,0.5186601578770282,-0.08708417351900391,-0.627505621559243,0.6914208240024343,1.7082303888998598,-0.9294887943158426,0.7601299358405167,-0.0903334085694923
trochee_36,trochee,0.30796666310026444,-0.20604494694813133,0.47016583771398873,2.1886986246497564,-1.599558759965205,-1.1751028065590825,0.4389761203071469,0.9447981818937808,-0.21911894805014714,0.9073213206277676,-0.9957338804299957
trochee_37,trochee,-0.36677945273789275,-0.06714242822733761,0.3042046917089441,-0.5937884729975111,0.20592961657357037,-0.271520336010857,-0.0531219678368389,1.2268688754007497,1.8977420556617104,-0.6337932991426961,-1.4148424953185739
trochee_38,trochee,-0.6550748596746154,0.8557223165604982,0.28966745515712733,-0.7410038787553727,1.1223207368277335,-1.2319693915473917,-0.2838566158744377,0.759631459750466,0.513135280386032,2.3676574332242093,-0.30792605610779816
trochee_39,trochee,0.8038370414005713,-0.6094654111214659,0.22907945119451043,-0.5779429695425528,-0.41830002929722504,-0.7893987052485817,-0.18450790797391234,1.657057857658173,-0.915060346365258,3.3019987391933032,-0.522458947832184
trochee_40,trochee,-0.2868834929230526,-0.13697952791751591,-0.681171426331909,-0.4818987187519336,0.04506814138837056,-0.40775146106128,2.808225102694145,0.8315563438768014,-0.03432336174037592,-1.5545056642794024,-0.12025586080107535
trochee_41,trochee,-0.1312368913219918,0.08668229608789836,0.26492842527846666,0.7275369025239461,-0.7383435225947217,-1.0641751217602915,0.14143535751324068,1.2039233164100662,1.5587814463537124,0.8211994752367967,-0.5015834043845306
trochee_42,trochee,0.3373181644939762,0.5986441287123446,0.970595510074099,-0.5659661442227751,-1.6146080938544864,-0.4976017609287283,0.5829026564385502,0.9260794016981251,-2.034571590018863,1.69865233814301,-0.07984043876297618
trochee_43,trochee,-0.5438699794755427,0.9394734656765376,2.1326238083983,-0.6659776259867943,-1.6911545232834408,-0.46550035166544745,0.7488605500050665,1.0241807018299005,-1.3126251308374983,-0.21249544254481287,-0.5621050840965189
trochee_44,trochee,0.30132533483982676,0.4289615455373694,-0.8604121852102009,-0.4334617584361934,0.09703459169938365,-0.9477286839139281,-0.08042838892471749,2.385107108077753,-0.5049889523412043,0.6279337137161876,-0.25830744452586824
trochee_45,trochee,0.2585186529194068,1.3420562078772669,1.1085633375429504,-1.7626704052052378,-1.813199454474578,-0.16691512204320427,-0.4688898434892402,1.5972376638047092,-0.4240200101156272,1.2451449027334889,-1.4010880241670594
trochee_46,trochee,-0.08222525093003889,1.3486147202388872,-0.20614134000892098,0.6063665189887554,-0.5329908150563193,-1.0051846454180147,0.49539990932834954,0.6349694277029524,-0.19960998004350047,-0.5569119021365939,-1.1628337825544657
trochee_47,trochee,-0.023784384662661206,0.16354134062079279,0.2804451760709641,-1.0640021797841652,-0.2252779871115342,-0.873385396635559,1.6739119306490664,1.041417745528526,1.0622131908807704,-0.2024072239517892,-0.9892932834149767
trochee_48,trochee,-0.8508384300917445,1.2829776060666502,2.060223575654189,-1.3977860657817887,0.01793681254307048,-1.1847164968616302,0.9371407344059238,0.7889848903542201,-1.1688479569077617,0.6734391283056119,-1.2140525603595975
trochee_49,trochee,-0.7396263065301737,1.8166980629786007,-0.1607628688881844,0.6979216166058907,-0.6799888644095233,-0.28667398793551313,-1.550412968430953,1.3626963898310693,-1.3959854888719998,0.5455327143006631,0.5788226150660074
trochee_50,trochee,-1.9550176486410134,0.5970195319628283,2.6178564172655325,1.3240217446642113,-0.6091520091306568,-1.3316295050526639,-0.3461340317069084,1.6305318461216969,0.24643909010881082,0.5762806948932977,-0.28582311944391103
